{"✝􊱒􋄔􍁰􍁱􍁲􍁳":{"color":"#00aaffff","fontStyle":"bold"},"ςΘθϑαβδ∇∂ΔεηφϕΦικλΛμπΨΠψρσΣτυνωΩΞχγΓζξο𝜋ΧϲЧФЛМНРСЕЙЪЬЩШТЦЯЫЮЗЖчфлмнрсейъьщштцяыюзжбвгдкопАБВГДКОПУаиуэИЭ𝗮𝗯𝗰𝗱𝗲𝗳𝗴𝗵𝗶𝗷𝗸𝗹𝗺𝗻𝗼𝗽𝗾𝗿𝘀𝘁𝘂𝘃𝘄𝘅𝘆𝘇𝗔𝗕𝗖𝗗𝗘𝗙𝗚𝗛𝗜𝗝𝗞𝗟𝗠𝗡𝗢𝗣𝗤𝗥𝗦𝗧𝗨𝗩𝗪𝗫𝗬𝗭𝟬𝟭𝟮𝟯𝟰𝟱𝟲𝟳𝟴𝟵󷺗⟞⟝󰈙ńśᗜ□ᐦ∞ℇîĵ󷺈󷺍󷺎󷺏􋐳􋐲􋐴􋑯􋑃􋑂󷰻􍶰􋐧􋐨􋐩􋐪􋐫􋐬􋐭􋐮􋐯􋐰􀰓􀰔􋐵􋐶􋐷􀰒􀰧􋐸􋑭􋐹􋐼􋐽􋐾􋐿􋑀􋑁􋑄􋑅􋑆􋑇􋑈􋑉􋑊􋑋􋑍􋑎􋑏􋑐􋑑􋑒􋑓􋑔􋑕􋑖􋑗􋑘􋑙􋑚􋑛􋑜􋑝􋑞􋑟􋑠􋑡􋑢􋑣􋑤􋑥􋑦󰃵󰁝󰃓󰀻󰃫󰁓􊫇􊾉󰃤󰁌󰃥󰁍󰃧󰁏􊮆􋁈􊮂􋁄󰃏󰀷󰃨󰁐󰃪󰁒󰃹󰁡􊫈􊾊󰃠󰁈󰃬󰁔󰃭󰁕󰃮󰁖􋕲􋕳󰃯󰁗󰃳󰁛󰃢󰁊󰃛󰁃󰃻󰁣󰃴󰁜󰃶󰁞󰃝󰁅󰃷󰁟󰃸󰁠󰃰󰁘󰃼󰁤󰃣󰁋󰃙󰁁󰃺󰁢󰃦󰁎󰃎󰀶󰃩󰁑󰃱󰁙􋞖􋞗􋞪􋞫􊫆􊾈􊫉􊾋􋗴􋗵􋖈􋖉􋟂􋟃􋙜􋙝􋖰􋖱􋛘􋛙􋚶􋚷􋝂􋝃􋜨􋜩􋙀􋙁􋝚􋝛􋙌􋙍􋜴􋜵􍀒􍀓􋖀􋖁􋝢􋝣􋘀􋘁􋜪􋜫􋞦􋞧􋟌􋟍􋖦􋖧􋛖􋛗􋜾􋜿􋙖􋙗􋞰􋞱􋖾􋖿􋘊􋘋􋜦􋜧􋚜􋚝􋚈􋚉􋚌􋚍􋟊􋟋􋛮􋛯􋜶􋜷􋛬􋛭􋙎􋙏􋜔􋜕􋖒􋖓􋘦􋘧􋗆􋗇􋞤􋞥􋗤􋗥􋗞􋗟􋝄􋝅􋚪􋚫􋙬􋙭􋝒􋝓􋙔􋙕􋖔􋖕􋛢􋛣􋚴􋚵􋖮􋖯􋚰􋚱􋙄􋙅􋝔􋝕􋙞􋙟􋞢􋞣􋕶􋕷􋘂􋘃􋗀􋗁􋗶􋗷􋚨􋚩􊷺􋊼􊷻􋊽􊷼􋊾􊷽􋊿􊷾􋋀􊷿􋋁􊸀􋋂􊸁􋋃􊸂􋋄􊸃􋋅􊸄􋋆􊸅􋋇􊸆􋋈􊸇􋋉􊸈􋋊􊸉􋋋􊸊􋋌􊸋􋋍􊸌􋋎􊸍􋋏􊸎􋋐􊸏􋋑􊸐􋋒􊸑􋋓􊸒􋋔􊸓􋋕􊷠􋊢􊷡􋊣􊷢􋊤􊷣􋊥􊷤􋊦􊷥􋊧􊷦􋊨􊷧􋊩􊷨􋊪􊷩􋊫􊷪􋊬􊷫􋊭􊷬􋊮􊷭􋊯􊷮􋊰􊷯􋊱􊷰􋊲􊷱􋊳􊷲􋊴􊷳􋊵􊷴􋊶􊷵􋊷􊷶􋊸􊷷􋊹􊷸􋊺􊷹􋊻􋓌􋓍􋓎􋓏􋓐􋓑􋓒􋓓􋓔􋓕􋓖􋓗􋓘􋓙􋓚􋓛􋓜􋓝􋓞􋓟􍳌􍳍􍪴􍪵􍪸􍪹􍺋􍺌􌾦􌾧􌾨􌾩􊫝􊾟􊱃􋄅􊫔􊾖􋔚􋔛􀱶􀱷􍢈􍢉􍷁􍷂􍷃􍷄􀱬􀱭􍯄􍯅􍯔􍯕􋟶􋟷􋟴􋟵􋟸􋟹􀰪􀰫􋠖􋠗􋠔􋠕􀹸􀹹􍷏􍷐􋟞􋟟􋟠􋟡􋟢􋟣􋟤􋟥􋟦􋟧􋟨􋟩􋟪􋟫􋟬􋟭􋟮􋟯􋟰􋟱􀰕􀰖􀰗􀰘􋟺􋟻􋟼􋟽􋟾􋟿􀰨􀰩􀰬􀰭􋠀􋠁􀰙􀰚􋠂􋠃􋠈􋠉􋠊􋠋􋠌􋠍􋠎􋠏􋠐􋠑􋠒􋠓􋠘􋠙􋠚􋠛􋠜􋠝􋠞􋠟􋠠􋠡􋠢􋠣􋠤􋠥􋠦􋠧􋠪􋠫􋠬􋠭􋠮􋠯􋠰􋠱􋠲􋠳􋠴􋠵􋠶􋠷􋠸􋠹􋠺􋠻􋠼􋠽􋠾􋠿􋡀􋡁􋡂􋡃􋡄􋡅􋡆􋡇􋡈􋡉􋡊􋡋􋡌􋡍􋡎􋡏􋡐􋡑􋡒􋡓􋡔􋡕􋡖􋡗􋡘􋡙􋡚􋡛􋡜􋡝􊼳􋏵􊻭􋎯􊼜􋏞􊻖􋎘􊼪􋏬􊻤􋎦􋡞􋡟􋡠􋡡􊼣􋏥􊻝􋎟􊼤􋏦􊻞􋎠􊼦􋏨􊻠􋎢􋡢􋡣􋡤􋡥􋡦􋡧􋡨􋡩􊼛􋏝􊻕􋎗􊼧􋏩􊻡􋎣􊼩􋏫􊻣􋎥􊼷􋏹􊻱􋎳􋡪􋡫􋡬􋡭􊼠􋏢􊻚􋎜􊼫􋏭􊻥􋎧􊼬􋏮􊻦􋎨􊼭􋏯􊻧􋎩􌦚􌦛􌦜􌦝􊼮􋏰􊻨􋎪􊼱􋏳􊻫􋎭􊼡􋏣􊻛􋎝􊼞􋏠􊻘􋎚􊼹􋏻􊻳􋎵􊼲􋏴􊻬􋎮􊼴􋏶􊻮􋎰􊼟􋏡􊻙􋎛􊼵􋏷􊻯􋎱􊼶􋏸􊻰􋎲􊼯􋏱􊻩􋎫􊼺􋏼􊻴􋎶􊼢􋏤􊻜􋎞􊼝􋏟􊻗􋎙􊼸􋏺􊻲􋎴􊼥􋏧􊻟􋎡􊼚􋏜􊻔􋎖􊼨􋏪􊻢􋎤􊼰􋏲􊻪􋎬􌸂􌸃􌸄􌸅􌸪􌸫􌸬􌸭􋡮􋡯􋡰􋡱􋡲􋡳􋡴􋡵􌪮􌪯􌪰􌪱􌧆􌧇􌧈􌧉􌹚􌹛􌹜􌹝􌭾􌭿􌮀􌮁􌨚􌨛􌨜􌨝􌲂􌲃􌲄􌲅􌰶􌰷􌰸􌰹􌵚􌵛􌵜􌵝􌴦􌴧􌴨􌴩􌭆􌭇􌭈􌭉􌶊􌶋􌶌􌶍􌭞􌭟􌭠􌭡􌴾􌴿􌵀􌵁􍄨􍄩􍄪􍄫􌦶􌦷􌦸􌦹􌶚􌶛􌶜􌶝􌫆􌫇􌫈􌫉􌴪􌴫􌴬􌴭􌸢􌸣􌸤􌸥􌹮􌹯􌹰􌹱􌨆􌨇􌨈􌨉􌱺􌱻􌱼􌱽􌵒􌵓􌵔􌵕􌭲􌭳􌭴􌭵􌸶􌸷􌸸􌸹􌨶􌨷􌨸􌨹􌫚􌫛􌫜􌫝􌴢􌴣􌴤􌴥􌯾􌯿􌰀􌰁􌯖􌯗􌯘􌯙􌯞􌯟􌯠􌯡􌹪􌹫􌹬􌹭􌲮􌲯􌲰􌲱􌵂􌵃􌵄􌵅􌲪􌲫􌲬􌲭􌭢􌭣􌭤􌭥􌳺􌳻􌳼􌳽􌧞􌧟􌧠􌧡􌬒􌬓􌬔􌬕􌩆􌩇􌩈􌩉􌸞􌸟􌸠􌸡􌪎􌪏􌪐􌪑􌪂􌪃􌪄􌪅􌵞􌵟􌵠􌵡􌰞􌰟􌰠􌰡􌮞􌮟􌮠􌮡􌵺􌵻􌵼􌵽􌭮􌭯􌭰􌭱􌧢􌧣􌧤􌧥􌲖􌲗􌲘􌲙􌰲􌰳􌰴􌰵􌨖􌨗􌨘􌨙􌰪􌰫􌰬􌰭􌭎􌭏􌭐􌭑􌵾􌵿􌶀􌶁􌮂􌮃􌮄􌮅􌸚􌸛􌸜􌸝􌦢􌦣􌦤􌦥􌫊􌫋􌫌􌫍􌨺􌨻􌨼􌨽􌪲􌪳􌪴􌪵􌰚􌰛􌰜􌰝􋴮􋴯􋴰􋴱􋴲􋴳􋴴􋴵􋴶􋴷􋴸􋴹􋴺􋴻􋴼􋴽􋴾􋴿􋵀􋵁􋵂􋵃􋵄􋵅􋵆􋵇􋵈􋵉􋵊􋵋􋵌􋵍􋵎􋵏􋵐􋵑􋵒􋵓􋵔􋵕􋵖􋵗􋵘􋵙􋵚􋵛􋵜􋵝􋵞􋵟􋵠􋵡􋵢􋵣􋵤􋵥􋵦􋵧􋵨􋵩􋵪􋵫􋵬􋵭􋵮􋵯􋵰􋵱􋵲􋵳􋵴􋵵􋵶􋵷􋵸􋵹􋵺􋵻􋵼􋵽􋵾􋵿􋶀􋶁􋶂􋶃􋶄􋶅􋶆􋶇􋶈􋶉􋶊􋶋􋶌􋶍􋶎􋶏􋶐􋶑􋶒􋶓􋶔􋶕􋶖􋶗􋶘􋶙􋶚􋶛􋶜􋶝􋶞􋶟􋶠􋶡􋶢􋶣􋶤􋶥􋶦􋶧􋶨􋶩􋶪􋶫􋶬􋶭􋶮􋶯􋶰􋶱􋶲􋶳􋶴􋶵􋶶􋶷􋶸􋶹􋶺􋶻􋶼􋶽􋶾􋶿􋷀􋷁􋷂􋷃􋷄􋷅􋷆􋷇􋷈􋷉􋷊􋷋􋷌􋷍􋷎􋷏􋷐􋷑􋷒􋷓􋷔􋷕􋷖􋷗􋷘􋷙􋷚􋷛􋷜􋷝􋷞􋷟􋷠􋷡􋷢􋷣􋷤􋷥􋷦􋷧􋷨􋷩􋷪􋷫􋷬􋷭􋷮􋷯􋷰􋷱􋷲􋷳􋷴􋷵􋷶􋷷􋷸􋷹􋷺􋷻􋷼􋷽􋷾􋷿􋸀􋸁􋸂􋸃􋸄􋸅􋸆􋸇􋸈􋸉􋸊􋸋􋸌􋸍􋸎􋸏􋸐􋸑􋸒􋸓􋸔􋸕􋸖􋸗􋸘􋸙􋸚􋸛􋸜􋸝􋸞􋸟􋸠􋸡􋸢􋸣􋸤􋸥􍳎􍳏􍳐􍳑􍫆􍫇􍫈􍫉􍫎􍫏􍫐􍫑􍺑􍺒􍺓􍺔􍁴􍁵􍁶􍁷􍁸􍁹􍁺􍁻􌝎􌝏􌝐􌝑􌎒􌎓􌎔􌎕􌟖􌟗􌟘􌟙􌖪􌖫􌖬􌖭􀱸􀱹􀱺􀱻􍢊􍢋􍢌􍢍􍷱􍷲􍷳􍷴􍷵􍷶􍷷􍷸􀱲􀱳􀱴􀱵􍯦􍯧􍯨􍯩􍰆􍰇􍰈􍰉􌻂􌻃􌻄􌻅􌺾􌺿􌻀􌻁􌻆􌻇􌻈􌻉􀰲􀰳􀰴􀰵􌼂􌼃􌼄􌼅􌻾􌻿􌼀􌼁􀻄􀻅􀻆􀻇􍸍􍸎􍸏􍸐􌺒􌺓􌺔􌺕􌺖􌺗􌺘􌺙􌺚􌺛􌺜􌺝􌺞􌺟􌺠􌺡􌺢􌺣􌺤􌺥􌺦􌺧􌺨􌺩􌺪􌺫􌺬􌺭􌺮􌺯􌺰􌺱􌺲􌺳􌺴􌺵􌺶􌺷􌺸􌺹􀰛􀰜􀰝􀰞􀰟􀰠􀰡􀰢􌻊􌻋􌻌􌻍􌻎􌻏􌻐􌻑􌻒􌻓􌻔􌻕􀰮􀰯􀰰􀰱􀰶􀰷􀰸􀰹􌻖􌻗􌻘􌻙􀰣􀰤􀰥􀰦􌻚􌻛􌻜􌻝􌻦􌻧􌻨􌻩􌻪􌻫􌻬􌻭􌻮􌻯􌻰􌻱􌻲􌻳􌻴􌻵􌻶􌻷􌻸􌻹􌻺􌻻􌻼􌻽􌼆􌼇􌼈􌼉􌼊􌼋􌼌􌼍􌼎􌼏􌼐􌼑􌼒􌼓􌼔􌼕􌼖􌼗􌼘􌼙􌼚􌼛􌼜􌼝􌼞􌼟􌼠􌼡􌼢􌼣􌼤􌼥􌼪􌼫􌼬􌼭􌼮􌼯􌼰􌼱􌼲􌼳􌼴􌼵􌼶􌼷􌼸􌼹􌼺􌼻􌼼􌼽􌼾􌼿􌽀􌽁􌽂􌽃􌽄􌽅􌽆􌽇􌽈􌽉􌽊􌽋􌽌􌽍􌽎􌽏􌽐􌽑􌽒􌽓􌽔􌽕􌽖􌽗􌽘􌽙􌽚􌽛􌽜􌽝􌽞􌽟􌽠􌽡􌽢􌽣􌽤􌽥􌽦􌽧􌽨􌽩􌽪􌽫􌽬􌽭􌽮􌽯􌽰􌽱􌽲􌽳􌽴􌽵􌽶􌽷􌽸􌽹􌽺􌽻􌽼􌽽􌽾􌽿􌾀􌾁􌾂􌾃􌾄􌾅􌾆􌾇􌾈􌾉􌾊􌾋􌾌􌾍􌾎􌾏􌾐􌾑":{"color":"#5a45f6ff"},"𝅝𝅗𝅥𝅘𝅥𝅘𝅥𝅮𝅘𝅥𝅯𝅘𝅥𝅰𝅘𝅥𝅲♭♮𝄽𝐚𝐛𝐜𝐝𝐞𝐟𝐠𝐡𝐢𝐣𝐤𝐥𝐦𝐧𝐨𝐩𝐪𝐫𝐬𝐭𝐮𝐯𝐰𝐱𝐲𝐳𝐀𝐁𝐂𝐃𝐄𝐅𝐆𝐇𝐈𝐉𝐊𝐋𝐌𝐍𝐎𝐏𝐐𝐑𝐒𝐓𝐔𝐕𝐖𝐗𝐘𝐙𝟎𝟏𝟐𝟑𝟒𝟓𝟔𝟕𝟖𝟗𝞁𝝝𝝷𝞋𝝰𝝱𝝳𝝯𝞉𝝙𝝴𝝶𝞅𝝫𝞍𝝸𝝹𝝺𝝠𝝻𝝿𝞇𝝥𝝭𝞀𝞂𝝨𝞃𝞄𝝼𝞈𝝮𝝣𝞆𝝲𝝘𝝵𝝽􍈈􍈉􍈊􍈋􍈌􍈍􍈎􍈏􍈐􍈑􍈒􍈓􍈔􍈕􋖂􋖃􍈖􍈗􍈘􍈙􊳙􋆛􊳚􋆜􊳛􋆝􊳜􋆞􊳝􋆟􊳞􋆠􊳟􋆡􊳠􋆢􊳡􋆣􊳢􋆤􊳣􋆥􊳤􋆦􊳥􋆧􊳦􋆨􊳧􋆩􊳨􋆪􊳩􋆫􊳪􋆬􊳫􋆭􊳬􋆮􊳭􋆯􊳮􋆰􊳯􋆱􊳰􋆲􊳱􋆳􊳲􋆴􊲿􋆁􊳀􋆂􊳁􋆃􊳂􋆄􊳃􋆅􊳄􋆆􊳅􋆇􊳆􋆈􊳇􋆉􊳈􋆊􊳉􋆋􊳊􋆌􊳋􋆍􊳌􋆎􊳍􋆏􊳎􋆐􊳏􋆑􊳐􋆒􊳑􋆓􊳒􋆔􊳓􋆕􊳔􋆖􊳕􋆗􊳖􋆘􊳗􋆙􊳘􋆚􊹟􋌡􊹠􋌢􊹡􋌣􊹢􋌤􊹣􋌥􊹤􋌦􊹥􋌧􊹦􋌨􊹧􋌩􊹨􋌪􊹔􋌖􊸼􋋾􊹋􋌍􊹝􋌟􊹄􋌆􊹅􋌇􊹇􋌉􊹃􋌅􊹜􋌞􊸻􋋽􊹈􋌊􊹊􋌌􊹘􋌚􊹀􋌂􊹞􋌠􊹌􋌎􊹍􋌏􊹎􋌐􍢐􍢑􊹏􋌑􊹒􋌔􊹚􋌜􊸾􋌀􊹁􋌃􊹓􋌕􊹕􋌗􊸿􋌁􊹖􋌘􊹗􋌙􊹐􋌒􊹛􋌝􊹂􋌄􊸽􋋿􊹙􋌛􊹆􋌈􊸺􋋼􊹉􋌋􊹑􋌓􍐤􍐥􍐦􍐧􍐨􍐩􍐪􍐫􍐬􍐭􍐮􍐯􍐰􍐱􍐲􍐳􍐴􍐵􍐶􍐷􍐸􍐹􍐺􍐻􍐼􍐽􍐾􍐿􌦺􌦻􌦼􌦽􍑀􍑁􍑂􍑃􍑄􍑅􍑆􍑇􋨾􋨿􋩀􋩁􋩂􋩃􋩄􋩅􋩆􋩇􋩈􋩉􋩊􋩋􋩌􋩍􋩎􋩏􋩐􋩑􋩒􋩓􋩔􋩕􋩖􋩗􋩘􋩙􋩚􋩛􋩜􋩝􋩞􋩟􋩠􋩡􋩢􋩣􋩤􋩥􋩦􋩧􋩨􋩩􋩪􋩫􋩬􋩭􋩮􋩯􋩰􋩱􋩲􋩳􋩴􋩵􋩶􋩷􋩸􋩹􋩺􋩻􋩼􋩽􋩾􋩿􋪀􋪁􋪂􋪃􋪄􋪅􋪆􋪇􋪈􋪉􋪊􋪋􋪌􋪍􋪎􋪏􋪐􋪑􋪒􋪓􋪔􋪕􋪖􋪗􋪘􋪙􋪚􋪛􋪜􋪝􋪞􋪟􋪠􋪡􋪢􋪣􋪤􋪥􋪦􋪧􋪨􋪩􋪪􋪫􋪬􋪭􋪮􋪯􋪰􋪱􋪲􋪳􋪴􋪵􋪶􋪷􋪸􋪹􋪺􋪻􋪼􋪽􋪾􋪿􋫀􋫁􋫂􋫃􋫄􋫅􋫆􋫇􋫈􋫉􋫊􋫋􋫌􋫍􋫎􋫏􋫐􋫑􋫒􋫓􋫔􋫕􋫖􋫗􋫘􋫙􋫚􋫛􋫜􋫝􋫞􋫟􋫠􋫡􋫢􋫣􋫤􋫥􋫦􋫧􋫨􋫩􋫪􋫫􋫬􋫭􋫮􋫯􋫰􋫱􋫲􋫳􋫴􋫵􋫶􋫷􋫸􋫹􋫺􋫻􋫼􋫽􋫾􋫿􋬀􋬁􋬂􋬃􋬄􋬅􋬆􋬇􋬈􋬉􋬊􋬋􋬌􋬍􋬎􋬏􋬐􋬑􋬒􋬓􋬔􋬕􋬖􋬗􋬘􋬙􋬚􋬛􋬜􋬝􋬞􋬟􋬠􋬡􋬢􋬣􋬤􋬥􋬦􋬧􋬨􋬩􋬪􋬫􋬬􋬭􋬮􋬯􋬰􋬱􋬲􋬳􋬴􋬵􋬶􋬷􋬸􋬹􋬺􋬻􋬼􋬽􋬾􋬿􋭀􋭁􋭂􋭃􋭄􋭅􋭆􋭇􋭈􋭉􋭊􋭋􋭌􋭍􋭎􋭏􋭐􋭑􋭒􋭓􋭔􋭕􋭖􋭗􋭘􋭙􋭚􋭛􋭜􋭝􋭞􋭟􋭠􋭡􋭢􋭣􋭤􋭥􋭦􋭧􋭨􋭩􋭪􋭫􋭬􋭭􋭮􋭯􋭰􋭱􋭲􋭳􋭴􋭵􋭶􋭷􋭸􋭹􋭺􋭻􋭼􋭽􍣚􍣛􍣜􍣝􋭾􋭿􋮀􋮁􋮂􋮃􋮄􋮅􋮆􋮇􋮈􋮉􋮊􋮋􋮌􋮍􋮎􋮏􋮐􋮑􋮒􋮓􋮔􋮕􋮖􋮗􋮘􋮙􋮚􋮛􋮜􋮝􋮞􋮟􋮠􋮡􋮢􋮣􋮤􋮥􋮦􋮧􋮨􋮩􋮪􋮫􋮬􋮭􋮮􋮯􋮰􋮱􋮲􋮳􋮴􋮵􋮶􋮷􋮸􋮹􋮺􋮻􋮼􋮽􋮾􋮿􋯀􋯁􋯂􋯃􋯄􋯅􋯆􋯇􋯈􋯉":{"color":"#84d1c4ff"},"♯⊲⋪⊴⋬⊳⋫⊵⋭🜂🜄ᐄᐂ≖⊖⨸⨂•ↀ⍥⊕⊗⊙󷸧󷸦ⵌ⌗⭐✪✡«♢»⟐⸮␦❗‼‽󱈸¢£󷹹⬤󰦥􊱊􋄌􊮾􋂀􍢘􍢙􍢚􍢛􍢜􍢝􋓢􋓣􍢞􍢟􍢠􍢡􍢢􍢣􊺵􋍷􊺶􋍸􊫒􊾔􊫑􊾓􍍄􍍅􊮷􋁹􊱶􋄸􊱰􋄲􊬊􊿌􍭘􍭙􍮚􍮛􊮶􋁸􊮸􋁺􊮹􋁻􍱊􍱋􍱀􍱁􍍆􍍇􍍈􍍉􊲔􋅖􊯐􋂒􍏐􍏑􍏒􍏓􍏔􍏕􌾒􌾓􍎘􍎙􌾖􌾗􍎚􍎛􊲖􋅘􊯟􋂡􊱕􋄗􋓴􋓵􋓶􋓷􍹷􍹸􍍎􍍏􋞄􋞅􀱆􀱇􊲀􋅂􍁌􍁍􌎦􌎧􌎨􌎩􌌶􌌷􌌸􌌹􍣪􍣫􍣬􍣭􍣮􍣯􍣰􍣱􍣲􍣳􍣴􍣵􌌺􌌻􌌼􌌽􍣶􍣷􍣸􍣹􍣺􍣻􍣼􍣽􍣾􍣿􍤀􍤁􌌾􌌿􌍀􌍁􌍂􌍃􌍄􌍅􌍆􌍇􌍈􌍉􌍊􌍋􌍌􌍍􍚜􍚝􍚞􍚟􌍞􌍟􌍠􌍡􌍢􌍣􌍤􌍥􌎂􌎃􌎄􌎅􌍲􌍳􌍴􌍵􍭢􍭣􍭤􍭥􍮦􍮧􍮨􍮩􌍪􌍫􌍬􌍭􌍦􌍧􌍨􌍩􌎆􌎇􌎈􌎉􍲠􍲡􍲢􍲣􍲌􍲍􍲎􍲏􍚠􍚡􍚢􍚣􍚤􍚥􍚦􍚧􌎚􌎛􌎜􌎝􌎞􌎟􌎠􌎡􍞴􍞵􍞶􍞷􍞸􍞹􍞺􍞻􍞼􍞽􍞾􍞿􌾘􌾙􌾚􌾛􍝄􍝅􍝆􍝇􌾠􌾡􌾢􌾣􍝈􍝉􍝊􍝋􌏦􌏧􌏨􌏩􌏪􌏫􌏬􌏭􌏶􌏷􌏸􌏹􌏺􌏻􌏼􌏽􌏾􌏿􌐀􌐁􍹻􍹼􍹽􍹾􍚰􍚱􍚲􍚳􌷞􌷟􌷠􌷡􀱈􀱉􀱊􀱋􌍶􌍷􌍸􌍹􍂼􍂽􍂾􍂿":{"color":"#78c59eff"},"¯󷰮¬􍈼􍈽􀺚􀺛􊪪􊽬􍒌􍒍􍒎􍒏􀼈􀼉􀼊􀼋􌐾􌐿􌑀􌑁":{"color":"#ffff55ff"},"´≺⊀≼⋠≾⋨⪱≻⊁≽⋡≿⋩⪲꜠ᵜᔨ󷰲𐞑⟤⟥􌿌􌿍􊮪􋁬􍢦􍢧􍢨􍢩􍢪􍢫􊮫􋁭􍢬􍢭􍢮􍢯􍢰􍢱􍢲􍢳􍢴􍢵􍢶􍢷􍢸􍢹􍢺􍢻􍢼􍢽􊲙􋅛􊫿􊿁􎔝􎔞􀺒􀺓􊲾􋆀􊱜􋄞􊱝􋄟􍄸􍄹􍄺􍄻􌔺􌔻􌔼􌔽􍤆􍤇􍤈􍤉􍤊􍤋􍤌􍤍􍤎􍤏􍤐􍤑􌠆􌠇􌠈􌠉􍤒􍤓􍤔􍤕􍤖􍤗􍤘􍤙􍤚􍤛􍤜􍤝􍤞􍤟􍤠􍤡􍤢􍤣􍤤􍤥􍤦􍤧􍤨􍤩􍤪􍤫􍤬􍤭􍤮􍤯􍤰􍤱􍤲􍤳􍤴􍤵􌝒􌝓􌝔􌝕􌝖􌝗􌝘􌝙􎔩􎔪􎔫􎔬􀻸􀻹􀻺􀻻􌝚􌝛􌝜􌝝􌜺􌜻􌜼􌜽􌜶􌜷􌜸􌜹":{"color":"#ff0011ff"},"¨′″‴⁗⋮⋯⋰⋱?.,:;#$󷰳􊪩􊽫􊬌􊿎􊬍􊿏􊬎􊿐􊬓􊿕􊯆􋂈􊯇􋂉􊯈􋂊􊯉􋂋﹖􊽨􋕜􋕝󰄎󰁱﹕􊽧󰄏󰁲􋕤􋕥﹩􊽤􀺔􀺕􌏞􌏟􌏠􌏡􌏊􌏋􌏌􌏍􌏎􌏏􌏐􌏑􌏒􌏓􌏔􌏕􌏖􌏗􌏘􌏙􌚞􌚟􌚠􌚡􌚢􌚣􌚤􌚥􌚦􌚧􌚨􌚩􌚪􌚫􌚬􌚭􊲰􋅲􌥠􌥡􌥦􌥧􌥨􌥩􊼻􋏽􊻵􋎷􊲯􋅱􌥪􌥫􊼼􋏾􊻶􋎸􌥼􌥽􌥾􌥿􊲲􋅴􌦀􌦁􀻼􀻽􀻾􀻿":{"color":"#99bb77ff"},"˷˜▢⋅⸓󷰭☾🃌󷸑󷸒󰆩󷹝󷹜󰛔⛶ᴙ⋀⋁⍉÷⹏%󷷷󷷸󰔛󱫩≅≇⫰⫯󷹒󰑅󷹕󷹓󷹔󷹖󷸹󷸸󷸻󷸺⨝⟕⟖⟗󷹎󷹍󷹌⬓⬒󰸵󰸷⤈⤉⟷󷹄⭥↨𝌂ᚤ󰌷󷸚󷸛󷸙󷸘󷸜󷸗󷸖󷸕√؆󰤷⦡✿⫚¶ⴵ~󱅏⍭󷹗⬄@􊫅􊾇􊫁􊾃􊱄􋄆􋒀􋒁􊯅􋂇􍣊􍣋􀺎􀺏􊱉􋄋􊹳􋌵􎗿􎘀􎘇􎘈􎗝􎗞􎘋􎘌􍴖􍴗􍴔􍴕􌿄􌿅􊱌􋄎􊫠􊾢􊯁􋂃􊯂􋂄􊯖􋂘􊪴􊽶􊲗􋅙﹪􊽥􍹏􍹐􍹋􍹌􎒡􎒢􎒣􎒤􊮚􋁜􊮛􋁝􊱻􋄽􊱺􋄼􎔙􎔚􋔬􋔭􍭞􍭟􍭜􍭝􍭠􍭡􍭚􍭛􍦢􍦣􍦪􍦫􍦚􍦛􍦠􍦡􌿐􌿑􍀔􍀕􍀈􍀉􍀚􍀛􀸔􀸕􀸖􀸗􀸘􀸙􍪞􍪟􍪠􍪡􋔴􋔵􋔶􋔷􊱨􋄪􊱩􋄫􊱤􋄦􊽛􋐝􊲆􋅈􊭴􋀶􍭌􍭍􍪒􍪓􍪘􍪙􍱄􍱅􍱎􍱏􍷅􍷆􍷋􍷌􍱆􍱇􍷍􍷎􍷇􍷈􍷉􍷊􊮏􋁑􎔱􎔲􎘭􎘮􎘯􎘰􍥪􍥫􋝊􋝋􋛞􋛟􊲐􋅒􍡼􍡽􍡾􍡿􊯗􋂙􎓍􎓎􍀲􍀳􋕚􋕛􍡈􍡉􍡊􍡋􍡄􍡅􍡆􍡇􋤞􋤟􋤠􋤡􋢞􋢟􋢠􋢡􌍎􌍏􌍐􌍑􍥎􍥏􍥐􍥑􀻰􀻱􀻲􀻳􌠖􌠗􌠘􌠙􌟪􌟫􌟬􌟭􎘑􎘒􎘓􎘔􎘡􎘢􎘣􎘤􎗫􎗬􎗭􎗮􎘩􎘪􎘫􎘬􍶢􍶣􍶤􍶥􍶞􍶟􍶠􍶡􍆤􍆥􍆦􍆧􌠮􌠯􌠰􌠱􌠺􌠻􌠼􌠽􌒲􌒳􌒴􌒵􌒶􌒷􌒸􌒹􌠞􌠟􌠠􌠡􌑎􌑏􌑐􌑑􌝶􌝷􌝸􌝹􊲳􋅵􌥮􌥯􍹯􍹰􍹱􍹲􍹧􍹨􍹩􍹪􎒥􎒦􎒧􎒨􎒩􎒪􎒫􎒬􌕢􌕣􌕤􌕥􌕦􌕧􌕨􌕩􌔂􌔃􌔄􌔅􌔆􌔇􌔈􌔉􎔡􎔢􎔣􎔤􌝢􌝣􌝤􌝥􍭮􍭯􍭰􍭱􍭪􍭫􍭬􍭭􍭲􍭳􍭴􍭵􍭦􍭧􍭨􍭩􍧄􍧅􍧆􍧇􍧔􍧕􍧖􍧗􍦴􍦵􍦶􍦷􍧀􍧁􍧂􍧃􍅔􍅕􍅖􍅗􍃜􍃝􍃞􍃟􍃀􍃁􍃂􍃃􍄜􍄝􍄞􍄟􀸚􀸛􀸜􀸝􀸞􀸟􀸠􀸡􀸢􀸣􀸤􀸥􍪢􍪣􍪤􍪥􍪦􍪧􍪨􍪩􌞆􌞇􌞈􌞉􌞊􌞋􌞌􌞍􌜪􌜫􌜬􌜭􌜦􌜧􌜨􌜩􌘊􌘋􌘌􌘍􌜢􌜣􌜤􌜥􌘆􌘇􌘈􌘉􌟺􌟻􌟼􌟽􍭎􍭏􍭐􍭑􍪔􍪕􍪖􍪗􍪚􍪛􍪜􍪝􍲔􍲕􍲖􍲗􍲨􍲩􍲪􍲫􍷹􍷺􍷻􍷼􍸅􍸆􍸇􍸈􍲘􍲙􍲚􍲛􍸉􍸊􍸋􍸌􍷽􍷾􍷿􍸀􍸁􍸂􍸃􍸄􌑒􌑓􌑔􌑕􎔳􎔴􎔵􎔶􎘱􎘲􎘳􎘴􎘵􎘶􎘷􎘸􍥶􍥷􍥸􍥹􌵪􌵫􌵬􌵭􌲎􌲏􌲐􌲑􌞖􌞗􌞘􌞙􍢀􍢁􍢂􍢃􍢄􍢅􍢆􍢇􌞎􌞏􌞐􌞑􎓫􎓬􎓭􎓮􍂘􍂙􍂚􍂛􌥢􌥣􌥤􌥥":{"color":"#bb44ddff"},"󰫮󰡷⚙󰫶󰣰󰨥󰬁󰬃󱧡󰫺󰡱󰉽󰫲󰍒󰝊ᾇ󰫱󰿨󰕞󰚥󱗿󰉷󱁐󰠩󰍉󰎑󱨹󰊰󱁕󰊄󰬂󰑇󰷔󰫴󰗴󰬀󰫰󱇙󱘎󰑭󰫳󰫿󰫽󰘨⎋⏏ϡϠ󰫯󰫵󰫷󰫸󰫹󰫻󰫼󰫾󰬄󰬅󰬆󰬇󰬹󰬺󰬻󰬼󰬽󰬾󰬿󰭀󰭁󰭂󱀝ə󷰺􋒨􋒩􋑼􋑽􀲔􀲕􊱋􋄍􋒎􋒏􋓊􋓋􍈾􍈿􋒼􋒽􋒰􋒱􋒠􋒡􋒺􋒻􋓈􋓉􋓂􋓃􋒴􋒵􋒔􋒕􋑧􋑨􋒚􋒛􍉀􍉁􋓄􋓅􋒞􋒟􍉂􍉃􋑰􋑱􍉄􍉅􍉆􍉇􋓆􋓇􋒜􋒝􋒊􋒋􋓀􋓁􋒤􋒥􋑶􋑷􍉈􍉉􋒖􋒗􋒦􋒧􋑲􋑳􋒢􋒣􋑴􋑵􍉌􍉍􍉎􍉏􋑺􋑻􋒶􋒷􋒐􋒑􋒆􋒇􋒾􋒿􋒪􋒫􍉐􍉑􋒂􋒃􋒈􋒉􋒄􋒅􋒸􋒹􋑾􋑿􋒲􋒳􋒮􋒯􋒬􋒭􋒒􋒓􋑸􋑹􍢎􍢏􍥦􍥧􍥨􍥩􍶱􍶲􍶳􍶴􍶵􍶶􍶷􍶸􍉾􍉿􍊀􍊁􍊂􍊃􍊄􍊅􍊆􍊇􍊈􍊉􍊊􍊋􍊌􍊍􍊎􍊏􍊐􍊑􍊒􍊓􍊔􍊕􍊖􍊗􍊘􍊙􍊚􍊛􍊜􍊝􍊞􍊟􍊠􍊡􍊢􍊣􍊤􍊥􍊦􍊧􍊨􍊩􍸻􍸼􌿰􌿱􀺖􀺗􋣶􋣷􋣸􋣹􋢖􋢗􋢘􋢙􀲖􀲗􀲘􀲙􋡺􋡻􋡼􋡽􋢾􋢿􋣀􋣁􋥂􋥃􋥄􋥅􍒐􍒑􍒒􍒓􋤦􋤧􋤨􋤩􋤆􋤇􋤈􋤉􋣢􋣣􋣤􋣥􋤢􋤣􋤤􋤥􋤾􋤿􋥀􋥁􋤲􋤳􋤴􋤵􋤎􋤏􋤐􋤑􋣊􋣋􋣌􋣍􋢊􋢋􋢌􋢍􋣖􋣗􋣘􋣙􍒔􍒕􍒖􍒗􋤶􋤷􋤸􋤹􋣞􋣟􋣠􋣡􍒘􍒙􍒚􍒛􋡶􋡷􋡸􋡹􍒜􍒝􍒞􍒟􍒠􍒡􍒢􍒣􋤺􋤻􋤼􋤽􋣚􋣛􋣜􋣝􋢶􋢷􋢸􋢹􋤮􋤯􋤰􋤱􋣪􋣫􋣬􋣭􋢆􋢇􋢈􋢉􍒤􍒥􍒦􍒧􋣎􋣏􋣐􋣑􋣮􋣯􋣰􋣱􋡾􋡿􋢀􋢁􋣦􋣧􋣨􋣩􋢂􋢃􋢄􋢅􍒬􍒭􍒮􍒯􍒰􍒱􍒲􍒳􋢒􋢓􋢔􋢕􋤖􋤗􋤘􋤙􋣂􋣃􋣄􋣅􋢪􋢫􋢬􋢭􋤪􋤫􋤬􋤭􋣺􋣻􋣼􋣽􍒴􍒵􍒶􍒷􋢢􋢣􋢤􋢥􋢮􋢯􋢰􋢱􋢦􋢧􋢨􋢩􋤚􋤛􋤜􋤝􋢚􋢛􋢜􋢝􋤊􋤋􋤌􋤍􋤂􋤃􋤄􋤅􋣾􋣿􋤀􋤁􋣆􋣇􋣈􋣉􋢎􋢏􋢐􋢑􍣖􍣗􍣘􍣙􍥮􍥯􍥰􍥱􍥲􍥳􍥴􍥵􍷑􍷒􍷓􍷔􍷕􍷖􍷗􍷘􍷙􍷚􍷛􍷜􍷝􍷞􍷟􍷠􍔐􍔑􍔒􍔓􍔔􍔕􍔖􍔗􍔘􍔙􍔚􍔛􍔜􍔝􍔞􍔟􍔠􍔡􍔢􍔣􍔤􍔥􍔦􍔧􍔨􍔩􍔪􍔫􍔬􍔭􍔮􍔯􍔰􍔱􍔲􍔳􍔴􍔵􍔶􍔷􍔸􍔹􍔺􍔻􍔼􍔽􍔾􍔿􍕀􍕁􍕂􍕃􍕄􍕅􍕆􍕇􍕈􍕉􍕊􍕋􍕌􍕍􍕎􍕏􍕐􍕑􍕒􍕓􍕔􍕕􍕖􍕗􍕘􍕙􍕚􍕛􍕜􍕝􍕞􍕟􍕠􍕡􍕢􍕣􍕤􍕥􍕦􍕧􍸽􍸾􍸿􍹀􍃼􍃽􍃾􍃿􀼀􀼁􀼂􀼃":{"color":"#c6b835ff"},"✓ⴳ􊱐􋄒􊲎􋅐􋤒􋤓􋤔􋤕􌝆􌝇􌝈􌝉":{"color":"#00ff00ff"},"␌␤␠␉␡␛␀␅␁␂␃␄␆␇␈␊␋␍␎␏␐␑␒␓␔␕␖␗␘␙␚␜␝␞␟󰵇􍉊􍉋􊯞􋂠􊯜􋂞􊯚􋂜􊯝􋂟􊯛􋂝􍍜􍍝􍍞􍍟􍍠􍍡􍍢􍍣􍍤􍍥􍍦􍍧􍍨􍍩􍍪􍍫􍍬􍍭􍍮􍍯􍍰􍍱􍍲􍍳􍍴􍍵􍍶􍍷􍍸􍍹􍍺􍍻􍍼􍍽􍍾􍍿􍎀􍎁􍎂􍎃􍎄􍎅􍎆􍎇􍎈􍎉􍎊􍎋􍎌􍎍􍎎􍎏􍎐􍎑􍎒􍎓􍎔􍎕􍎖􍎗􍒨􍒩􍒪􍒫􌗲􌗳􌗴􌗵􌗶􌗷􌗸􌗹􌗺􌗻􌗼􌗽􌗾􌗿􌘀􌘁􌘂􌘃􌘄􌘅􍛌􍛍􍛎􍛏􍛐􍛑􍛒􍛓􍛔􍛕􍛖􍛗􍛘􍛙􍛚􍛛􍛜􍛝􍛞􍛟􍛠􍛡􍛢􍛣􍛤􍛥􍛦􍛧􍛨􍛩􍛪􍛫􍛬􍛭􍛮􍛯􍛰􍛱􍛲􍛳􍛴􍛵􍛶􍛷􍛸􍛹􍛺􍛻􍛼􍛽􍛾􍛿􍜀􍜁􍜂􍜃􍜄􍜅􍜆􍜇􍜈􍜉􍜊􍜋􍜌􍜍􍜎􍜏􍜐􍜑􍜒􍜓􍜔􍜕􍜖􍜗􍜘􍜙􍜚􍜛􍜜􍜝􍜞􍜟􍜠􍜡􍜢􍜣􍜤􍜥􍜦􍜧􍜨􍜩􍜪􍜫􍜬􍜭􍜮􍜯􍜰􍜱􍜲􍜳􍜴􍜵􍜶􍜷􍜸􍜹􍜺􍜻􍜼􍜽􍜾􍜿􍝀􍝁􍝂􍝃":{"color":"#33ff44ff","backgroundColor":"#33ff4412","borderColor":"#33ff44ff","borderStyle":"solid","borderWidth":"1px","borderRadius":"1px"},"󰻾𝑎𝑏𝑐𝑑𝑒𝑓𝑔ℎ𝑖𝑗𝑘𝑙𝑚𝑛𝑜𝑝𝑞𝑟𝑠𝑡𝑢𝑣𝑤𝑥𝑦𝑧𝐴𝐵𝐶𝐷𝐸𝐹𝐺𝐻𝐼𝐽𝐾𝐿𝑀𝑁𝑂𝑃𝑄𝑅𝑆𝑇𝑈𝑉𝑊𝑋𝑌𝑍𝝇𝜣𝜽𝝑𝜶𝜷𝜹𝜵𝝏𝜟𝜺𝜼𝝋𝜱𝝓𝜾𝜿𝝀𝜦𝝁𝝅𝝍𝜫𝜳𝝆𝝈𝜮𝝉𝝊𝝂𝝎𝜴𝜩𝝌𝜸𝜞𝜻𝝃󱣩󷰱®ℵℶ∅⍁󷹘⍖󰮈ᔐ󰋺󱠨􋒌􋒍􊴍􋇏􊴎􋇐􊴏􋇑􊴐􋇒􊴑􋇓􊴒􋇔􊴓􋇕􊭂􋀄􊴔􋇖􊴕􋇗􊴖􋇘􊴗􋇙􊴘􋇚􊴙􋇛􊴚􋇜􊴛􋇝􊴜􋇞􊴝􋇟􊴞􋇠􊴟􋇡􊴠􋇢􊴡􋇣􊴢􋇤􊴣􋇥􊴤􋇦􊴥􋇧􊳳􋆵􊳴􋆶􊳵􋆷􊳶􋆸􊳷􋆹􊳸􋆺􊳹􋆻􊳺􋆼􊳻􋆽􊳼􋆾􊳽􋆿􊳾􋇀􊳿􋇁􊴀􋇂􊴁􋇃􊴂􋇄􊴃􋇅􊴄􋇆􊴅􋇇􊴆􋇈􊴇􋇉􊴈􋇊􊴉􋇋􊴊􋇌􊴋􋇍􊴌􋇎􊸯􋋱􊸗􋋙􊸦􋋨􊸸􋋺􊸟􋋡􊸠􋋢􊸢􋋤􊸞􋋠􊸷􋋹􊸖􋋘􊸣􋋥􊸥􋋧􊸳􋋵􊸛􋋝􊸹􋋻􊸧􋋩􊸨􋋪􊸩􋋫􍢒􍢓􊸪􋋬􊸭􋋯􊸵􋋷􊸙􋋛􊸜􋋞􊸮􋋰􊸰􋋲􊸚􋋜􊸱􋋳􊸲􋋴􊸫􋋭􊸶􋋸􊸝􋋟􊸘􋋚􊸴􋋶􊸡􋋣􊸕􋋗􊸤􋋦􊸬􋋮􍹃􍹄􀺢􀺣􎗍􎗎􊭗􋀙􊭘􋀚􊮅􋁇􍸑􍸒􎓙􎓚􎔉􎔊􎔓􎔔􍭒􍭓􊫘􊾚􍡶􍡷􍡦􍡧􍡨􍡩􍡤􍡥􊽉􋐋􊽖􋐘􋢺􋢻􋢼􋢽􋯊􋯋􋯌􋯍􋯎􋯏􋯐􋯑􋯒􋯓􋯔􋯕􋯖􋯗􋯘􋯙􋯚􋯛􋯜􋯝􋯞􋯟􋯠􋯡􋯢􋯣􋯤􋯥􋯦􋯧􋯨􋯩􋯪􋯫􋯬􋯭􋯮􋯯􋯰􋯱􋯲􋯳􋯴􋯵􋯶􋯷􋯸􋯹􋯺􋯻􋯼􋯽􋯾􋯿􋰀􋰁􋰂􋰃􋰄􋰅􋰆􋰇􋰈􋰉􋰊􋰋􋰌􋰍􋰎􋰏􋰐􋰑􋰒􋰓􋰔􋰕􋰖􋰗􋰘􋰙􋰚􋰛􋰜􋰝􋰞􋰟􋰠􋰡􋰢􋰣􋰤􋰥􋰦􋰧􋰨􋰩􋰪􋰫􋰬􋰭􋰮􋰯􋰰􋰱􋰲􋰳􋰴􋰵􋰶􋰷􋰸􋰹􋰺􋰻􋰼􋰽􋰾􋰿􋱀􋱁􋱂􋱃􋱄􋱅􋱆􋱇􋱈􋱉􋱊􋱋􋱌􋱍􋱎􋱏􋱐􋱑􋱒􋱓􋱔􋱕􋱖􋱗􋱘􋱙􋱚􋱛􋱜􋱝􋱞􋱟􋱠􋱡􋱢􋱣􋱤􋱥􋱦􋱧􋱨􋱩􋱪􋱫􋱬􋱭􋱮􋱯􋱰􋱱􋱲􋱳􋱴􋱵􋱶􋱷􋱸􋱹􋱺􋱻􋱼􋱽􋱾􋱿􋲀􋲁􋲂􋲃􋲄􋲅􋲆􋲇􋲈􋲉􋲊􋲋􋲌􋲍􋲎􋲏􋲐􋲑􋲒􋲓􋲔􋲕􋲖􋲗􋲘􋲙􋲚􋲛􋲜􋲝􋲞􋲟􋲠􋲡􋲢􋲣􋲤􋲥􋲦􋲧􋲨􋲩􋲪􋲫􋲬􋲭􋲮􋲯􋲰􋲱􋲲􋲳􋲴􋲵􋲶􋲷􋲸􋲹􋲺􋲻􋲼􋲽􋲾􋲿􋳀􋳁􋳂􋳃􋳄􋳅􋳆􋳇􋳈􋳉􋳊􋳋􋳌􋳍􋳎􋳏􋳐􋳑􋳒􋳓􋳔􋳕􋳖􋳗􋳘􋳙􋳚􋳛􋳜􋳝􋳞􋳟􋳠􋳡􍣞􍣟􍣠􍣡􋳢􋳣􋳤􋳥􋳦􋳧􋳨􋳩􋳪􋳫􋳬􋳭􋳮􋳯􋳰􋳱􋳲􋳳􋳴􋳵􋳶􋳷􋳸􋳹􋳺􋳻􋳼􋳽􋳾􋳿􋴀􋴁􋴂􋴃􋴄􋴅􋴆􋴇􋴈􋴉􋴊􋴋􋴌􋴍􋴎􋴏􋴐􋴑􋴒􋴓􋴔􋴕􋴖􋴗􋴘􋴙􋴚􋴛􋴜􋴝􋴞􋴟􋴠􋴡􋴢􋴣􋴤􋴥􋴦􋴧􋴨􋴩􋴪􋴫􋴬􋴭􍹗􍹘􍹙􍹚􀼘􀼙􀼚􀼛􎗏􎗐􎗑􎗒􌋞􌋟􌋠􌋡􌋦􌋧􌋨􌋩􌖮􌖯􌖰􌖱􍸓􍸔􍸕􍸖􎔃􎔄􎔅􎔆􎔏􎔐􎔑􎔒􎔕􎔖􎔗􎔘􍭔􍭕􍭖􍭗􌠚􌠛􌠜􌠝􍡸􍡹􍡺􍡻􍡮􍡯􍡰􍡱􍡲􍡳􍡴􍡵􍡪􍡫􍡬􍡭􌝮􌝯􌝰􌝱􌝺􌝻􌝼􌝽":{"color":"#ffaa22ff"},"➰⍈⊢↪󱟱󱫬⍘󷹆=󱀘⨡󰆴⮂⮌↺⇥∀⠤⠶¿⸘¡⭜⭝⍮󷸴󷰙􊱚􋄜􍋤􍋥􊮻􋁽􊭵􋀷􍺃􍺄􍺉􍺊􎒭􎒮􎓗􎓘₌⁼􍬢􍬣􊱳􋄵􊽆􋐈􊲇􋅉􊲈􋅊􊭶􋀸􊮀􋁂􊮁􋁃􊱦􋄨􊱧􋄩􊪲􊽴􋓲􋓳􊪧􊽩􀸨􀸩􀸦􀸧􍹅􍹆􍱜􍱝􀺲􀺳􋣲􋣳􋣴􋣵􍗜􍗝􍗞􍗟􌚚􌚛􌚜􌚝􌛺􌛻􌛼􌛽􍺅􍺆􍺇􍺈􍺍􍺎􍺏􍺐􎒵􎒶􎒷􎒸􎓿􎔀􎔁􎔂􊬯􊿱􊬟􊿡􍬤􍬥􍬦􍬧􌝾􌝿􌞀􌞁􌠾􌠿􌡀􌡁􌠢􌠣􌠤􌠥􌟾􌟿􌠀􌠁􌟲􌟳􌟴􌟵􌟮􌟯􌟰􌟱􌐎􌐏􌐐􌐑􌟶􌟷􌟸􌟹􌠪􌠫􌠬􌠭􌏢􌏣􌏤􌏥􌏮􌏯􌏰􌏱􌏲􌏳􌏴􌏵􀸮􀸯􀸰􀸱􀸪􀸫􀸬􀸭􍹛􍹜􍹝􍹞􍳄􍳅􍳆􍳇􀼸􀼹􀼺􀼻":{"color":"#52ffe7ff"},"󰊕ɒც𝼝𝼥⋿ꬵꬶҕї𝼚𝼐ꬷӍꬼϙƿ𝼛Ʀ𝼞ŧꭒѵꭐꭘꭚƶѦƁƇƊᗴҒႺⴼΙɈⴿꝈⱮͶⴲƤꝖⴽႽƬŲѴϢҲⵖΖƒ􋒘􋒙􍳪􍳫􍬖􍬗􍳬􍳭􍳮􍳯􍬘􍬙􍳰􍳱􍳲􍳳􍳴􍳵􍳶􍳷􍳸􍳹􍳺􍳻􍳼􍳽􊫌􊾎􍳾􍳿􍴀􍴁􍴂􍴃􍴄􍴅􍮈􍮉􍴆􍴇􍴈􍴉􍴊􍴋􋗂􋗃􍴌􍴍􍴎􍴏􍴐􍴑􍴒􍴓􀴖􀴗􍳒􍳓􊪶􊽸􊪷􊽹􍳔􍳕􊫋􊾍􊫐􊾒􍳖􍳗􋝼􋝽􍳘􍳙􍳚􍳛􊲚􋅜􊲋􋅍􍳜􍳝􍳞􍳟􍳠􍳡􍳢􍳣􊲓􋅕􎁍􎁎􊪻􊽽􍳤􍳥􊫊􊾌􍳦􍳧􀸾􀸿􍳨􍳩􋗨􋗩􊪸􊽺􋣒􋣓􋣔􋣕􍵊􍵋􍵌􍵍􍬚􍬛􍬜􍬝􍵎􍵏􍵐􍵑􍵒􍵓􍵔􍵕􍬞􍬟􍬠􍬡􍵖􍵗􍵘􍵙􍵚􍵛􍵜􍵝􍵞􍵟􍵠􍵡􍵢􍵣􍵤􍵥􍵦􍵧􍵨􍵩􍵪􍵫􍵬􍵭􍵮􍵯􍵰􍵱􌋎􌋏􌋐􌋑􍵲􍵳􍵴􍵵􍵶􍵷􍵸􍵹􍵺􍵻􍵼􍵽􍵾􍵿􍶀􍶁􍮌􍮍􍮎􍮏􍶂􍶃􍶄􍶅􍶆􍶇􍶈􍶉􍶊􍶋􍶌􍶍􌨾􌨿􌩀􌩁􍶎􍶏􍶐􍶑􍶒􍶓􍶔􍶕􍶖􍶗􍶘􍶙􍶚􍶛􍶜􍶝􀸐􀸑􀸒􀸓􍴚􍴛􍴜􍴝􌊦􌊧􌊨􌊩􌊪􌊫􌊬􌊭􍴞􍴟􍴠􍴡􌊮􌊯􌊰􌊱􌊲􌊳􌊴􌊵􍴢􍴣􍴤􍴥􌷎􌷏􌷐􌷑􍴦􍴧􍴨􍴩􍴪􍴫􍴬􍴭􌊶􌊷􌊸􌊹􌊺􌊻􌊼􌊽􍴮􍴯􍴰􍴱􍴲􍴳􍴴􍴵􍴶􍴷􍴸􍴹􍴺􍴻􍴼􍴽􌊾􌊿􌋀􌋁􎎳􎎴􎎵􎎶􌋆􌋇􌋈􌋉􍴾􍴿􍵀􍵁􌋊􌋋􌋌􌋍􍵂􍵃􍵄􍵅􀹌􀹍􀹎􀹏􍵆􍵇􍵈􍵉􌪖􌪗􌪘􌪙􌋒􌋓􌋔􌋕":{"color":"#7feb2dff"},"©⎉⌾⎔⭔⬠󷹇🆕փᖲᖱᒪⴷⴸ†󰂆󷰵􊲮􋅰􍹁􍹂􊯘􋂚􊯕􋂗􍍌􍍍􍶽􍶾􍍊􍍋􊽜􋐞􍹹􍹺􊲝􋅟􊲜􋅞􊫍􊾏􊫚􊾜􊫙􊾛􊫗􊾙􊲑􋅓􊲒􋅔􌿠􌿡􍀢􍀣􀺸􀺹􌡂􌡃􌡄􌡅􍹓􍹔􍹕􍹖􌍖􌍗􌍘􌍙􌍚􌍛􌍜􌍝􍚬􍚭􍚮􍚯􍷩􍷪􍷫􍷬􍚨􍚩􍚪􍚫􌖚􌖛􌖜􌖝􍹿􍺀􍺁􍺂􌖺􌖻􌖼􌖽􌖾􌖿􌗀􌗁􌗂􌗃􌗄􌗅􌜊􌜋􌜌􌜍􌜎􌜏􌜐􌜑􌜒􌜓􌜔􌜕􌜖􌜗􌜘􌜙􌜚􌜛􌜜􌜝􍅸􍅹􍅺􍅻􍂤􍂥􍂦􍂧􀽄􀽅􀽆􀽇":{"color":"#ccff77ff"},"𝔸𝔹ℂ𝔻𝔼𝔽𝔾ℍ𝕀𝕁𝕂𝕃𝕄ℕ𝕆ℙℚℝ𝕊𝕋𝕌𝕍𝕎𝕏𝕐ℤ𝕒𝕓𝕔𝕕𝕖𝕗𝕘𝕙𝕚𝕛𝕜𝕝𝕞𝕟𝕠𝕡𝕢𝕣𝕤𝕥𝕦𝕧𝕨𝕩𝕪𝕫𝟘𝟙𝟚𝟛𝟜𝟝𝟞𝟟𝟠𝟡🄰🄱🄲🄳🄴🄵🄶🄷🄸🄹🄺🄻🄼🄽🄾🄿🅀🅁🅂🅃🅄🅅🅆🅇🅈🅉󰬈󰬉󰬊󰬋󰬌󰬍󰬎󰬏󰬐󰬑󰬒󰬓󰬔󰬕󰬖󰬗󰬘󰬙󰬚󰬛󰬜󰬝󰬞󰬟󰬠󰬡⍐⍗⍇⟎⟏⍞☑☒􊵾􋉀􊵿􋉁􊬽􊿿􊶀􋉂􊶁􋉃􊶂􋉄􊶃􋉅􊭁􋀃􊶄􋉆􊶅􋉇􊶆􋉈􊶇􋉉􊶈􋉊􊭇􋀉􊶉􋉋􊭉􋀋􊭊􋀌􊭍􋀏􊶊􋉌􊶋􋉍􊶌􋉎􊶍􋉏􊶎􋉐􊶏􋉑􊶐􋉒􊭎􋀐􊶑􋉓􊶒􋉔􊶓􋉕􊶔􋉖􊶕􋉗􊶖􋉘􊶗􋉙􊶘􋉚􊶙􋉛􊶚􋉜􊶛􋉝􊶜􋉞􊶝􋉟􊶞􋉠􊶟􋉡􊶠􋉢􊶡􋉣􊶢􋉤􊶣􋉥􊶤􋉦􊶥􋉧􊶦􋉨􊶧􋉩􊶨􋉪􊶩􋉫􊶪􋉬􊹩􋌫􊹪􋌬􊹫􋌭􊹬􋌮􊹭􋌯􊹮􋌰􊹯􋌱􊹰􋌲􊹱􋌳􊹲􋌴􋚦􋚧􋟐􋟑􋘨􋘩􋜄􋜅􋗈􋗉􋟆􋟇􋚢􋚣􋝎􋝏􋞺􋞻􋚞􋚟􋞎􋞏􋟒􋟓􋛆􋛇􋝦􋝧􋗦􋗧􋚘􋚙􋗄􋗅􋞼􋞽􋚬􋚭􋕴􋕵􋛜􋛝􋙢􋙣􋙊􋙋􋘢􋘣􋖬􋖭􋚸􋚹􍊪􍊫􍊬􍊭􍊮􍊯􍊰􍊱􍊲􍊳􍊴􍊵􍊶􍊷􍊸􍊹􍊺􍊻􍊼􍊽􍊾􍊿􍋀􍋁􍋂􍋃􍋄􍋅􍋆􍋇􍋈􍋉􍋊􍋋􍋌􍋍􍋎􍋏􍋐􍋑􍋒􍋓􍋔􍋕􍋖􍋗􍋘􍋙􍋚􍋛􍋜􍋝􍋞􍋟􍋠􍋡􍋢􍋣􍋦􍋧􍋨􍋩􍋪􍋫􍢔􍢕􍢖􍢗􋥆􋥇􋥈􋥉􋥊􋥋􋥌􋥍􋥎􋥏􋥐􋥑􋥒􋥓􋥔􋥕􋥖􋥗􋥘􋥙􋥚􋥛􋥜􋥝􋥞􋥟􋥠􋥡􋥢􋥣􋥤􋥥􋥦􋥧􋥨􋥩􋥪􋥫􋥬􋥭􋥮􋥯􋥰􋥱􋥲􋥳􋥴􋥵􋥶􋥷􋥸􋥹􋥺􋥻􋥼􋥽􋥾􋥿􋦀􋦁􋦂􋦃􋦄􋦅􋦆􋦇􋦈􋦉􋦊􋦋􋦌􋦍􋦎􋦏􋦐􋦑􋦒􋦓􋦔􋦕􋦖􋦗􋦘􋦙􋦚􋦛􋦜􋦝􋦞􋦟􋦠􋦡􋦢􋦣􋦤􋦥􋦦􋦧􋦨􋦩􋦪􋦫􋦬􋦭􋦮􋦯􋦰􋦱􋦲􋦳􋦴􋦵􋦶􋦷􋦸􋦹􋦺􋦻􋦼􋦽􋦾􋦿􋧀􋧁􋧂􋧃􋧄􋧅􋧆􋧇􋧈􋧉􋧊􋧋􋧌􋧍􋧎􋧏􋧐􋧑􋧒􋧓􋧔􋧕􋧖􋧗􋧘􋧙􋧚􋧛􋧜􋧝􋧞􋧟􋧠􋧡􋧢􋧣􋧤􋧥􋧦􋧧􋧨􋧩􋧪􋧫􋧬􋧭􋧮􋧯􋧰􋧱􋧲􋧳􋧴􋧵􋧶􋧷􋧸􋧹􋧺􋧻􋧼􋧽􋧾􋧿􋨀􋨁􋨂􋨃􋨄􋨅􋨆􋨇􋨈􋨉􋨊􋨋􋨌􋨍􋨎􋨏􋨐􋨑􋨒􋨓􋨔􋨕􋨖􋨗􋨘􋨙􋨚􋨛􋨜􋨝􋨞􋨟􋨠􋨡􋨢􋨣􋨤􋨥􋨦􋨧􋨨􋨩􋨪􋨫􋨬􋨭􋨮􋨯􋨰􋨱􋨲􋨳􋨴􋨵􋨶􋨷􋨸􋨹􋨺􋨻􋨼􋨽􌰖􌰗􌰘􌰙􌹶􌹷􌹸􌹹􌬖􌬗􌬘􌬙􌳚􌳛􌳜􌳝􌩊􌩋􌩌􌩍􌹢􌹣􌹤􌹥􌰊􌰋􌰌􌰍􌵲􌵳􌵴􌵵􌹊􌹋􌹌􌹍􌰂􌰃􌰄􌰅􌷲􌷳􌷴􌷵􌹺􌹻􌹼􌹽􌱖􌱗􌱘􌱙􌶢􌶣􌶤􌶥􌪒􌪓􌪔􌪕􌯶􌯷􌯸􌯹􌩂􌩃􌩄􌩅􌹎􌹏􌹐􌹑􌰢􌰣􌰤􌰥􌦞􌦟􌦠􌦡􌲊􌲋􌲌􌲍􌮊􌮋􌮌􌮍􌭚􌭛􌭜􌭝􌬊􌬋􌬌􌬍􌨒􌨓􌨔􌨕􌰺􌰻􌰼􌰽􍕨􍕩􍕪􍕫􍕬􍕭􍕮􍕯􍕰􍕱􍕲􍕳􍕴􍕵􍕶􍕷􍕸􍕹􍕺􍕻􍕼􍕽􍕾􍕿􍖀􍖁􍖂􍖃􍖄􍖅􍖆􍖇􍖈􍖉􍖊􍖋􍖌􍖍􍖎􍖏􍖐􍖑􍖒􍖓􍖔􍖕􍖖􍖗􍖘􍖙􍖚􍖛􍖜􍖝􍖞􍖟􍖠􍖡􍖢􍖣􍖤􍖥􍖦􍖧􍖨􍖩􍖪􍖫􍖬􍖭􍖮􍖯􍖰􍖱􍖲􍖳􍖴􍖵􍖶􍖷􍖸􍖹􍖺􍖻􍖼􍖽􍖾􍖿􍗀􍗁􍗂􍗃􍗄􍗅􍗆􍗇􍗈􍗉􍗊􍗋􍗌􍗍􍗎􍗏􍗐􍗑􍗒􍗓􍗔􍗕􍗖􍗗􍗘􍗙􍗚􍗛􍗠􍗡􍗢􍗣􍗤􍗥􍗦􍗧􍗨􍗩􍗪􍗫􍣢􍣣􍣤􍣥􍣦􍣧􍣨􍣩":{"color":"#f64585ff"},"◌􊱈􋄊􋢲􋢳􋢴􋢵":{"color":"#22ee55ff"},"𝚊𝚋𝚌𝚍𝚎𝚏𝚐𝚑𝚒𝚓𝚔𝚕𝚖𝚗𝚘𝚙𝚚𝚛𝚜𝚝𝚞𝚟𝚠𝚡𝚢𝚣𝙰𝙱𝙲𝙳𝙴𝙵𝙶𝙷𝙸𝙹𝙺𝙻𝙼𝙽𝙾𝙿𝚀𝚁𝚂𝚃𝚄𝚅𝚆𝚇𝚈𝚉𝟶𝟷𝟸𝟹𝟺𝟻𝟼𝟽𝟾𝟿⤡⤢⭡⭣⬆⬇⟵⟶⇜⇝↢↣⬿⤳⮢⮣↯⮠⮡⮤⮦↜↭⮥⮧↝󰘣󰘡󰡏⌜⌝⌞⌟↟↡↞↠↮⌈⌉⌊⌋⇑⇓⇐⇒⇍⇏↥↧↤⬰⇴⊥⊤⊣⨄⩀⋒↑↓↖↗↙↘🡹🡻🡸🡺🡼🡽🡿🡾↶↷↩􀲚􀲛􀲜􀲝􀲞􀲟􀲠􀲡􀲢􀲣􀲤􀲥􀲦􀲧􀲨􀲩􀲪􀲫􀲬􀲭􀲮􀲯􀲰􀲱􀲲􀲳􀲴􀲵􀲶􀲷􀲸􀲹􀲺􀲻􀲼􀲽􀲾􀲿􀳀􀳁􀳂􀳃􀳄􀳅􀳆􀳇􀳈􀳉􀳊􀳋􀳌􀳍􀳎􀳏􀳐􀳑􀳒􀳓􀳔􀳕􀳖􀳗􀳘􀳙􀳚􀳛􀳜􀳝􀳞􀳟􀳠􀳡􀳢􀳣􀳤􀳥􀳦􀳧􀳨􀳩􀳪􀳫􀳬􀳭􀳮􀳯􀳰􀳱􀳲􀳳􀳴􀳵􀳶􀳷􀳸􀳹􀳺􀳻􀳼􀳽􀳾􀳿􀴀􀴁􀴂􀴃􀴄􀴅􀴆􀴇􀴈􀴉􀴊􀴋􀴌􀴍􀴎􀴏􀴐􀴑􀴒􀴓􀴔􀴕􊱪􋄬􊱫􋄭􊲃􋅅􊲅􋅇􊱽􋄿􊱾􋅀􊱢􋄤􊱣􋄥􊭾􋁀􊭿􋁁􍎜􍎝􍎞􍎟􍎠􍎡􍎢􍎣􍎤􍎥􍎦􍎧􍎨􍎩􍎪􍎫􍎬􍎭􍎮􍎯􍎰􍎱􍎲􍎳􍎴􍎵􍎶􍎷􍎸􍎹􍎺􍎻􍣂􍣃􍣄􍣅􍣆􍣇􊯑􋂓􊯒􋂔􊯓􋂕􊯔􋂖􍎼􍎽􍎾􍎿􍏀􍏁􍏂􍏃􋙸􋙹􊯌􋂎􊯍􋂏􊯎􋂐􊯏􋂑􊭺􋀼􊭼􋀾􊭹􋀻􊭻􋀽􊭷􋀹􊭸􋀺􊭱􋀳􊭳􋀵􊭰􋀲􍏄􍏅􍏆􍏇􋔠􋔡􊮽􋁿􊮼􋁾􋞴􋞵􋗠􋗡􋝌􋝍􊭩􋀫􊭫􋀭􊭬􋀮􊭭􋀯􊭯􋀱􊭮􋀰􊺻􋍽􊺽􋍿􊺺􋍼􊺼􋍾􊺾􋎀􊺿􋎁􊻁􋎃􊻀􋎂􋔢􋔣􋔤􋔥􋔦􋔧􀴘􀴙􀴚􀴛􀴜􀴝􀴞􀴟􀴠􀴡􀴢􀴣􀴤􀴥􀴦􀴧􀴨􀴩􀴪􀴫􀴬􀴭􀴮􀴯􀴰􀴱􀴲􀴳􀴴􀴵􀴶􀴷􀴸􀴹􀴺􀴻􀴼􀴽􀴾􀴿􀵀􀵁􀵂􀵃􀵄􀵅􀵆􀵇􀵈􀵉􀵊􀵋􀵌􀵍􀵎􀵏􀵐􀵑􀵒􀵓􀵔􀵕􀵖􀵗􀵘􀵙􀵚􀵛􀵜􀵝􀵞􀵟􀵠􀵡􀵢􀵣􀵤􀵥􀵦􀵧􀵨􀵩􀵪􀵫􀵬􀵭􀵮􀵯􀵰􀵱􀵲􀵳􀵴􀵵􀵶􀵷􀵸􀵹􀵺􀵻􀵼􀵽􀵾􀵿􀶀􀶁􀶂􀶃􀶄􀶅􀶆􀶇􀶈􀶉􀶊􀶋􀶌􀶍􀶎􀶏􀶐􀶑􀶒􀶓􀶔􀶕􀶖􀶗􀶘􀶙􀶚􀶛􀶜􀶝􀶞􀶟􀶠􀶡􀶢􀶣􀶤􀶥􀶦􀶧􀶨􀶩􀶪􀶫􀶬􀶭􀶮􀶯􀶰􀶱􀶲􀶳􀶴􀶵􀶶􀶷􀶸􀶹􀶺􀶻􀶼􀶽􀶾􀶿􀷀􀷁􀷂􀷃􀷄􀷅􀷆􀷇􀷈􀷉􀷊􀷋􀷌􀷍􀷎􀷏􀷐􀷑􀷒􀷓􀷔􀷕􀷖􀷗􀷘􀷙􀷚􀷛􀷜􀷝􀷞􀷟􀷠􀷡􀷢􀷣􀷤􀷥􀷦􀷧􀷨􀷩􀷪􀷫􀷬􀷭􀷮􀷯􀷰􀷱􀷲􀷳􀷴􀷵􀷶􀷷􀷸􀷹􀷺􀷻􀷼􀷽􀷾􀷿􀸀􀸁􀸂􀸃􀸄􀸅􀸆􀸇􀸈􀸉􀸊􀸋􀸌􀸍􀸎􀸏􌘎􌘏􌘐􌘑􌘒􌘓􌘔􌘕􌘖􌘗􌘘􌘙􌘚􌘛􌘜􌘝􌘦􌘧􌘨􌘩􌘪􌘫􌘬􌘭􌘶􌘷􌘸􌘹􌘺􌘻􌘼􌘽􌘾􌘿􌙀􌙁􌙂􌙃􌙄􌙅􍝌􍝍􍝎􍝏􍝐􍝑􍝒􍝓􍝔􍝕􍝖􍝗􍝘􍝙􍝚􍝛􍝜􍝝􍝞􍝟􍝠􍝡􍝢􍝣􍝤􍝥􍝦􍝧􍝨􍝩􍝪􍝫􍝬􍝭􍝮􍝯􍝰􍝱􍝲􍝳􍝴􍝵􍝶􍝷􍝸􍝹􍝺􍝻􍝼􍝽􍝾􍝿􍞀􍞁􍞂􍞃􍞄􍞅􍞆􍞇􍞈􍞉􍞊􍞋􍤾􍤿􍥀􍥁􍥂􍥃􍥄􍥅􍥆􍥇􍥈􍥉􌙞􌙟􌙠􌙡􌙢􌙣􌙤􌙥􌙦􌙧􌙨􌙩􌙪􌙫􌙬􌙭􍞌􍞍􍞎􍞏􍞐􍞑􍞒􍞓􍞔􍞕􍞖􍞗􍞘􍞙􍞚􍞛􌮶􌮷􌮸􌮹􌙮􌙯􌙰􌙱􌙲􌙳􌙴􌙵􌙶􌙷􌙸􌙹􌙺􌙻􌙼􌙽􌙆􌙇􌙈􌙉􌙊􌙋􌙌􌙍􌙎􌙏􌙐􌙑􌙒􌙓􌙔􌙕􌙖􌙗􌙘􌙙􌙚􌙛􌙜􌙝􌙾􌙿􌚀􌚁􌚂􌚃􌚄􌚅􌚆􌚇􌚈􌚉􍞜􍞝􍞞􍞟􍞠􍞡􍞢􍞣􌚎􌚏􌚐􌚑􌚒􌚓􌚔􌚕􌚖􌚗􌚘􌚙􌸾􌸿􌹀􌹁􌪆􌪇􌪈􌪉􌵮􌵯􌵰􌵱􌚮􌚯􌚰􌚱􌚲􌚳􌚴􌚵􌚾􌚿􌛀􌛁􌛂􌛃􌛄􌛅􌛆􌛇􌛈􌛉􌛊􌛋􌛌􌛍􌛎􌛏􌛐􌛑􌛒􌛓􌛔􌛕􌛖􌛗􌛘􌛙􌛚􌛛􌛜􌛝􌛞􌛟􌛠􌛡􌛢􌛣􌛤􌛥􌛦􌛧􌛨􌛩􌛪􌛫􌛬􌛭􌛮􌛯􌛰􌛱􌛲􌛳􌛴􌛵􌛶􌛷􌛸􌛹":{"color":"#6677ffff"},"ⓐⓑⓒⓓⓔⓕⓖⓗⓘⓙⓚⓛⓜⓝⓞⓟⓠⓡⓢⓣⓤⓥⓦⓧⓨⓩⒶⒷⒸⒹⒺⒻⒼⒽⒾⒿⓀⓁⓂⓃⓄⓅⓆⓇⓈⓉⓊⓋⓌⓍⓎⓏ󰲡󰲣󰲥󰲧󰲩󰲫󰲭󰲯󰲱⒜⒝⒞⒟⒠⒡⒢⒣⒤⒥⒦⒧⒨⒩⒪⒫⒬⒭⒮⒯⒰⒱⒲⒳⒴⒵🄐🄑🄒🄓🄔🄕🄖🄗🄘🄙🄚🄛🄜🄝🄞🄟🄠🄡🄢🄣🄤🄥🄦🄧🄨🄩⑴⑵⑶⑷⑸⑹⑺⑻⑼⑽⑾⑿⒀⒁⒂⒃⒄⒅⒆⒇⓪①②③④⑤⑥⑦⑧⑨⑩⑪⑫⑬⑭⑮⑯⑰⑱⑲⑳􊰦􋃨􊰧􋃩􊰨􋃪􊰩􋃫􊰪􋃬􊰫􋃭􊰬􋃮􊰭􋃯􊰮􋃰􊰯􋃱􊰰􋃲􊰱􋃳􊰲􋃴􊰳􋃵􊰴􋃶􊰵􋃷􊰶􋃸􊰷􋃹􊰸􋃺􊰹􋃻􊰺􋃼􊰻􋃽􊰼􋃾􊰽􋃿􊰾􋄀􊰿􋄁􊰌􋃎􊰍􋃏􊰎􋃐􊰏􋃑􊰐􋃒􊰑􋃓􊰒􋃔􊰓􋃕􊰔􋃖􊰕􋃗􊰖􋃘􊰗􋃙􊰘􋃚􊰙􋃛􊰚􋃜􊰛􋃝􊰜􋃞􊰝􋃟􊰞􋃠􊰟􋃡􊰠􋃢􊰡􋃣􊰢􋃤􊰣􋃥􊰤􋃦􊰥􋃧􊽍􋐏􊽎􋐐􊽏􋐑􊽐􋐒􊽑􋐓􊽒􋐔􊽓􋐕􊽔􋐖􊽕􋐗􊯲􋂴􊯳􋂵􊯴􋂶􊯵􋂷􊯶􋂸􊯷􋂹􊯸􋂺􊯹􋂻􊯺􋂼􊯻􋂽􊯼􋂾􊯽􋂿􊯾􋃀􊯿􋃁􊰀􋃂􊰁􋃃􊰂􋃄􊰃􋃅􊰄􋃆􊰅􋃇􊰆􋃈􊰇􋃉􊰈􋃊􊰉􋃋􊰊􋃌􊰋􋃍􊹴􋌶􊹵􋌷􊹶􋌸􊹷􋌹􊹸􋌺􊹹􋌻􊹺􋌼􊹻􋌽􊹼􋌾􊹽􋌿􊹾􋍀􊹿􋍁􊺀􋍂􊺁􋍃􊺂􋍄􊺃􋍅􊺄􋍆􊺅􋍇􊺆􋍈􊺇􋍉􊺈􋍊􊺉􋍋􊺊􋍌􊺋􋍍􊺌􋍎􊺍􋍏􊯩􋂫􊯪􋂬􊯫􋂭􊯬􋂮􊯭􋂯􊯮􋂰􊯯􋂱􊯰􋂲􊯱􋂳􍉒􍉓􍉔􍉕􍉖􍉗􍉘􍉙􍉚􍉛􍉜􍉝􍉞􍉟􍉠􍉡􍉢􍉣􍉤􍉥􍉦􍉧􊱀􋄂􊯠􋂢􊯡􋂣􊯢􋂤􊯣􋂥􊯤􋂦􊯥􋂧􊯦􋂨􊯧􋂩􊯨􋂪􍉨􍉩􍉪􍉫􍉬􍉭􍉮􍉯􍉰􍉱􍉲􍉳􍉴􍉵􍉶􍉷􍉸􍉹􍉺􍉻􍉼􍉽􌆊􌆋􌆌􌆍􌆎􌆏􌆐􌆑􌆒􌆓􌆔􌆕􌆖􌆗􌆘􌆙􌆚􌆛􌆜􌆝􌆞􌆟􌆠􌆡􌆢􌆣􌆤􌆥􌆦􌆧􌆨􌆩􌆪􌆫􌆬􌆭􌆮􌆯􌆰􌆱􌆲􌆳􌆴􌆵􌆶􌆷􌆸􌆹􌆺􌆻􌆼􌆽􌆾􌆿􌇀􌇁􌇂􌇃􌇄􌇅􌇆􌇇􌇈􌇉􌇊􌇋􌇌􌇍􌇎􌇏􌇐􌇑􌇒􌇓􌇔􌇕􌇖􌇗􌇘􌇙􌇚􌇛􌇜􌇝􌇞􌇟􌇠􌇡􌇢􌇣􌇤􌇥􌇦􌇧􌇨􌇩􌇪􌇫􌇬􌇭􌇮􌇯􌇰􌇱􌇲􌇳􌇴􌇵􌇶􌇷􌇸􌇹􌇺􌇻􌇼􌇽􌇾􌇿􌈀􌈁􌈂􌈃􌈄􌈅􌈆􌈇􌈈􌈉􌈊􌈋􌈌􌈍􌈎􌈏􌈐􌈑􌈒􌈓􌈔􌈕􌈖􌈗􌈘􌈙􌈚􌈛􌈜􌈝􌈞􌈟􌈠􌈡􌈢􌈣􌈤􌈥􌈦􌈧􌈨􌈩􌈪􌈫􌈬􌈭􌈮􌈯􌈰􌈱􌈲􌈳􌈴􌈵􌈶􌈷􌈸􌈹􌈺􌈻􌈼􌈽􌈾􌈿􌉀􌉁􌉂􌉃􌉄􌉅􌉆􌉇􌉈􌉉􌉊􌉋􌉌􌉍􌉎􌉏􌉐􌉑􌉒􌉓􌉔􌉕􌉖􌉗􌉘􌉙􌉚􌉛􌉜􌉝􌉞􌉟􌉠􌉡􌉢􌉣􌉤􌉥􌉦􌉧􌉨􌉩􌉪􌉫􌉬􌉭􌉮􌉯􌉰􌉱􌉲􌉳􌉴􌉵􌉶􌉷􌉸􌉹􌉺􌉻􌉼􌉽􌂖􌂗􌂘􌂙􌂚􌂛􌂜􌂝􌂞􌂟􌂠􌂡􌂢􌂣􌂤􌂥􌂦􌂧􌂨􌂩􌂪􌂫􌂬􌂭􌂮􌂯􌂰􌂱􌂲􌂳􌂴􌂵􌂶􌂷􌂸􌂹􌂺􌂻􌂼􌂽􌂾􌂿􌃀􌃁􌃂􌃃􌃄􌃅􌃆􌃇􌃈􌃉􌃊􌃋􌃌􌃍􌃎􌃏􌃐􌃑􌃒􌃓􌃔􌃕􌃖􌃗􌃘􌃙􌃚􌃛􌃜􌃝􌃞􌃟􌃠􌃡􌃢􌃣􌃤􌃥􌃦􌃧􌃨􌃩􌃪􌃫􌃬􌃭􌃮􌃯􌃰􌃱􌃲􌃳􌃴􌃵􌃶􌃷􌃸􌃹􌃺􌃻􌃼􌃽􌃾􌃿􌄀􌄁􌄂􌄃􌄄􌄅􌄆􌄇􌄈􌄉􌄊􌄋􌄌􌄍􌄎􌄏􌄐􌄑􌄒􌄓􌄔􌄕􌄖􌄗􌄘􌄙􌄚􌄛􌄜􌄝􌄞􌄟􌄠􌄡􌄢􌄣􌄤􌄥􌄦􌄧􌄨􌄩􌄪􌄫􌄬􌄭􌄮􌄯􌄰􌄱􌄲􌄳􌄴􌄵􌄶􌄷􌄸􌄹􌄺􌄻􌄼􌄽􌄾􌄿􌅀􌅁􌅂􌅃􌅄􌅅􌅆􌅇􌅈􌅉􌅊􌅋􌅌􌅍􌅎􌅏􌅐􌅑􌅒􌅓􌅔􌅕􌅖􌅗􌅘􌅙􌅚􌅛􌅜􌅝􌅞􌅟􌅠􌅡􌅢􌅣􌅤􌅥􌅦􌅧􌅨􌅩􌅪􌅫􌅬􌅭􌅮􌅯􌅰􌅱􌅲􌅳􌅴􌅵􌅶􌅷􌅸􌅹􌅺􌅻􌅼􌅽􌅾􌅿􌆀􌆁􌆂􌆃􌆄􌆅􌆆􌆇􌆈􌆉􍒸􍒹􍒺􍒻􍒼􍒽􍒾􍒿􍓀􍓁􍓂􍓃􍓄􍓅􍓆􍓇􍓈􍓉􍓊􍓋􍓌􍓍􍓎􍓏􍓐􍓑􍓒􍓓􍓔􍓕􍓖􍓗􍓘􍓙􍓚􍓛􍓜􍓝􍓞􍓟􍓠􍓡􍓢􍓣􌉾􌉿􌊀􌊁􌊂􌊃􌊄􌊅􌊆􌊇􌊈􌊉􌊊􌊋􌊌􌊍􌊎􌊏􌊐􌊑􌊒􌊓􌊔􌊕􌊖􌊗􌊘􌊙􌊚􌊛􌊜􌊝􌊞􌊟􌊠􌊡􌊢􌊣􌊤􌊥􍓤􍓥􍓦􍓧􍓨􍓩􍓪􍓫􍓬􍓭􍓮􍓯􍓰􍓱􍓲􍓳􍓴􍓵􍓶􍓷􍓸􍓹􍓺􍓻􍓼􍓽􍓾􍓿􍔀􍔁􍔂􍔃􍔄􍔅􍔆􍔇􍔈􍔉􍔊􍔋􍔌􍔍􍔎􍔏":{"color":"#f6d645ff"},"𜳖𜳗𜳘𜳙𜳚𜳛𜳜𜳝𜳞𜳟𜳠𜳡𜳢𜳣𜳤𜳥𜳦𜳧𜳨𜳩𜳪𜳫𜳬𜳭𜳮𜳯𜳰𜳱𜳲𜳳𜳴𜳵𜳶𜳷𜳸𜳹􎎷􎎸􎎹􎎺􎎻􎎼􎎽􎎾􎎿􎏀􎏁􎏂􎏃􎏄􎏅􎏆􎏇􎏈􎏉􎏊􎏋􎏌􎏍􎏎􎏏􎏐􎏑􎏒􎏓􎏔􎏕􎏖􎏗􎏘􎏙􎏚􎏛􎏜􎏝􎏞􎏟􎏠􎏡􎏢􎏣􎏤􎏥􎏦􎏧􎏨􎏩􎏪􎏫􎏬􎏭􎏮􎏯􎏰􎏱􎏲􎏳􎏴􎏵􎏶􎏷􎏸􎏹􎏺􎏻􎏼􎏽􎏾􎏿􎐀􎐁􎐂􎐃􎐄􎐅􎐆􎐇􎐈􎐉􎐊􎐋􎐌􎐍􎐎􎐏􎐐􎐑􎐒􎐓􎐔􎐕􎐖􎐗􎐘􎐙􎐚􎐛􎐜􎐝􎐞􎐟􎐠􎐡􎐢􎐣􎐤􎐥􎐦􎐧􎐨􎐩􎐪􎐫􎐬􎐭􎐮􎐯􎐰􎐱􎐲􎐳􎐴􎐵􎐶􎐷􎐸􎐹􎐺􎐻􎐼􎐽􎐾􎐿􎑀􎑁􎑂􎑃􎑄􎑅􎑆􎑇􎑈􎑉􎑊􎑋􎑌􎑍􎑎􎑏􎑐􎑑􎑒􎑓􎑔􎑕􎑖􎑗􎑘􎑙􎑚􎑛􎑜􎑝􎑞􎑟􎑠􎑡􎑢􎑣􎑤􎑥􎑦􎑧􎑨􎑩􎑪􎑫􎑬􎑭􎑮􎑯􎑰􎑱􎑲􎑳􎑴􎑵􎑶􎑷􎑸􎑹􎑺􎑻􎑼􎑽􎑾􎑿􎒀􎒁􎒂􎒃􎒄􎒅􎒆􎒇􎒈􎒉􎒊􎒋􎒌􎒍􎒎":{"color":"#ff9996ff"},"𝖺𝖻𝖼𝖽𝖾𝖿𝗀𝗁𝗂𝗃𝗄𝗅𝗆𝗇𝗈𝗉𝗊𝗋𝗌𝗍𝗎𝗏𝗐𝗑𝗒𝗓𝖠𝖡𝖢𝖣𝖤𝖥𝖦𝖧𝖨𝖩𝖪𝖫𝖬𝖭𝖮𝖯𝖰𝖱𝖲𝖳𝖴𝖵𝖶𝖷𝖸𝖹𝟢𝟣𝟤𝟥𝟦𝟧𝟨𝟩𝟪𝟫􍽫􍽬􍽭􍽮􍽯􍽰􍽱􍽲􍽳􍽴􍽵􍽶􍽷􍽸􍽹􍽺􍽻􍽼􍽽􍽾􍽿􍾀􍾁􍾂􍾃􍾄􍾅􍾆􍾇􍾈􍾉􍾊􍾋􍾌􍾍􍾎􍾏􍾐􍾑􍾒􍾓􍾔􍾕􍾖􍾗􍾘􍾙􍾚􍾛􍾜􍾝􍾞􍾟􍾠􍾡􍾢􍾣􍾤􍾥􍾦􍾧􍾨􍾩􍾪􍾫􍾬􍾭􍾮􍾯􍾰􍾱􍾲􍾳􍾴􍾵􍾶􍾷􍾸􍾹􍾺􍾻􍾼􍾽􍾾􍾿􍿀􍿁􍿂􊷟􋊡􍿃􍿄􍿅􍿆􍿇􍿈􍿉􍿊􍿋􍿌􍿍􍿎􍿏􍿐􍿑􍿒􍿓􍿔􍿕􍿖􍿗􍿘􍿙􍿚􍿛􍿜􍿝􍿞􍿟􍿠􍿡􍿢􍿣􍿤􎇯􎇰􎇱􎇲􎇳􎇴􎇵􎇶􎇷􎇸􎇹􎇺􎇻􎇼􎇽􎇾􎇿􎈀􎈁􎈂􎈃􎈄􎈅􎈆􎈇􎈈􎈉􎈊􎈋􎈌􎈍􎈎􎈏􎈐􎈑􎈒􎈓􎈔􎈕􎈖􎈗􎈘􎈙􎈚􎈛􎈜􎈝􎈞􎈟􎈠􎈡􎈢􎈣􎈤􎈥􎈦􎈧􎈨􎈩􎈪􎈫􎈬􎈭􎈮􎈯􎈰􎈱􎈲􎈳􎈴􎈵􎈶􎈷􎈸􎈹􎈺􎈻􎈼􎈽􎈾􎈿􎉀􎉁􎉂􎉃􎉄􎉅􎉆􎉇􎉈􎉉􎉊􎉋􎉌􎉍􎉎􎉏􎉐􎉑􎉒􎉓􎉔􎉕􎉖􎉗􎉘􎉙􎉚􎉛􎉜􎉝􎉞􎉟􎉠􎉡􎉢􎉣􎉤􎉥􎉦􎉧􎉨􎉩􎉪􎉫􎉬􎉭􎉮􎉯􎉰􎉱􎉲􎉳􎉴􎉵􎉶􎉷􎉸􎉹􎉺􎉻􎉼􎉽􎉾􎉿􎊀􎊁􎊂􎊃􎊄􎊅􎊆􎊇􎊈􎊉􎊊􎊋􎊌􎊍􎊎􎊏􎊐􎊑􎊒􎊓􎊔􎊕􎊖􎊗􎊘􎊙􎊚􎊛􎊜􎊝􎊞􌋂􌋃􌋄􌋅􎊟􎊠􎊡􎊢􎊣􎊤􎊥􎊦􎊧􎊨􎊩􎊪􎊫􎊬􎊭􎊮􎊯􎊰􎊱􎊲􎊳􎊴􎊵􎊶􎊷􎊸􎊹􎊺􎊻􎊼􎊽􎊾􎊿􎋀􎋁􎋂􎋃􎋄􎋅􎋆􎋇􎋈􎋉􎋊􎋋􎋌􎋍􎋎􎋏􎋐􎋑􎋒􎋓􎋔􎋕􎋖􎋗􎋘􎋙􎋚􎋛􎋜􎋝􎋞􎋟􎋠􎋡􎋢":{"color":"#59ff4fff"},"𝘢𝘣𝘤𝘥𝘦𝘧𝘨𝘩𝘪𝘫𝘬𝘭𝘮𝘯𝘰𝘱𝘲𝘳𝘴𝘵𝘶𝘷𝘸𝘹𝘺𝘻𝘈𝘉𝘊𝘋𝘌𝘍𝘎𝘏𝘐𝘑𝘒𝘓𝘔𝘕𝘖𝘗𝘘𝘙𝘚𝘛𝘜𝘝𝘞𝘟𝘠𝘡􍺛􍺜􍺝􍺞􍺟􍺠􍺡􍺢􍺣􍺤􍺥􍺦􍺧􍺨􍺩􍺪􍺫􍺬􍺭􍺮􍺯􍺰􍺱􍺲􍺳􍺴􍺵􍺶􍺷􍺸􍺹􍺺􍺻􍺼􍺽􍺾􍺿􍻀􍻁􍻂􍻃􍻄􍻅􍻆􍻇􍻈􍻉􍻊􍻋􍻌􍻍􍻎􍻏􍻐􍻑􍻒􍻓􍻔􍻕􍻖􍻗􍻘􍻙􍻚􍻛􍻜􍻝􍻞􍻟􍻠􍻡􍻢􍻣􍻤􍻥􍻦􍻧􍻨􍻩􍻪􍻫􍻬􍻭􍻮􍻯􍻰􍻱􍻲􍻳􍻴􍻵􍻶􍻷􍻸􍻹􍻺􍻻􍻼􍻽􍻾􍻿􍼀􍼁􍼂􎁏􎁐􎁑􎁒􎁓􎁔􎁕􎁖􎁗􎁘􎁙􎁚􎁛􎁜􎁝􎁞􎁟􎁠􎁡􎁢􎁣􎁤􎁥􎁦􎁧􎁨􎁩􎁪􎁫􎁬􎁭􎁮􎁯􎁰􎁱􎁲􎁳􎁴􎁵􎁶􎁷􎁸􎁹􎁺􎁻􎁼􎁽􎁾􎁿􎂀􎂁􎂂􎂃􎂄􎂅􎂆􎂇􎂈􎂉􎂊􎂋􎂌􎂍􎂎􎂏􎂐􎂑􎂒􎂓􎂔􎂕􎂖􎂗􎂘􎂙􎂚􎂛􎂜􎂝􎂞􎂟􎂠􎂡􎂢􎂣􎂤􎂥􎂦􎂧􎂨􎂩􎂪􎂫􎂬􎂭􎂮􎂯􎂰􎂱􎂲􎂳􎂴􎂵􎂶􎂷􎂸􎂹􎂺􎂻􎂼􎂽􎂾􎂿􎃀􎃁􎃂􎃃􎃄􎃅􎃆􎃇􎃈􎃉􎃊􎃋􎃌􎃍􎃎􎃏􎃐􎃑􎃒􎃓􎃔􎃕􎃖􎃗􎃘􎃙􎃚􎃛􎃜􎃝􎃞􎃟􎃠􎃡􎃢􎃣􎃤􎃥􎃦􎃧􎃨􎃩􎃪􎃫􎃬􎃭􎃮􎃯􎃰􎃱􎃲􎃳􎃴􎃵􎃶􎃷􎃸􎃹􎃺􎃻􎃼􎃽􎃾􎃿􎄀􎄁􎄂􎄃􎄄􎄅􎄆􎄇􎄈􎄉􎄊􎄋􎄌􎄍􎄎􎄏􎄐􎄑􎄒􎄓􎄔􎄕􎄖􎄗􎄘􎄙􎄚􎄛􎄜􎄝􎄞":{"color":"#c0ff79ff"},"𝒶𝒷𝒸𝒹ℯ𝒻ℊ𝒽𝒾𝒿𝓀𝓁𝓂𝓃ℴ𝓅𝓆𝓇𝓈𝓉𝓊𝓋𝓌𝓍𝓎𝓏𝒜ℬ𝒞𝒟ℰℱ𝒢ℋℐ𝒥𝒦ℒℳ𝒩𝒪𝒫𝒬ℛ𝒮𝒯𝒰𝒱𝒲𝒳𝒴𝒵ℓ℘󷰾󷰽󷰿󷱀󷱁󷱂󷱃󷱄󷱅󷱆󷱇󷱈󷱉󷱊󷱋󷱌󷱍󷱎󷱏󷱐󷱑󷱒󷱓󷱔󷱕󷱖󷱩󷱪󷱽󷱾󷱫󷱬󷱭󷱮󷱯󷱰􊴸􋇺􊴹􋇻􊴺􋇼􊴻􋇽􊭒􋀔􊴼􋇾􊬾􋀀􊴽􋇿􊴾􋈀􊴿􋈁􊵀􋈂􊵁􋈃􊵂􋈄􊵃􋈅􊭖􋀘􊵄􋈆􊵅􋈇􊵆􋈈􊵇􋈉􊵈􋈊􊵉􋈋􊵊􋈌􊵋􋈍􊵌􋈎􊵍􋈏􊵎􋈐􊴦􋇨􊭐􋀒􊴧􋇩􊴨􋇪􊭓􋀕􊭔􋀖􊴩􋇫􊬿􋀁􊭃􋀅􊴪􋇬􊴫􋇭􊭅􋀇􊭕􋀗􊴬􋇮􊴭􋇯􊴮􋇰􊴯􋇱􊭋􋀍􊴰􋇲􊴱􋇳􊴲􋇴􊴳􋇵􊴴􋇶􊴵􋇷􊴶􋇸􊴷􋇹􊭆􋀈􊭈􋀊􍨄􍨅􍧦􍧧􍧰􍧱􍧞􍧟􍧚􍧛􍨊􍨋􍧲􍧳􍨒􍨓􍨎􍨏􍧮􍧯􍧼􍧽􍧜􍧝􍧨􍧩􍧠􍧡􍧤􍧥􍨈􍨉􍧢􍧣􍨆􍨇􍨐􍨑􍨀􍨁􍧪􍧫􍧾􍧿􍧬􍧭􍨂􍨃􍧶􍧷􍪌􍪍􍰒􍰓􍨌􍨍􍶹􍶺􍶻􍶼􍧺􍧻􍧸􍧹􍧘􍧙􍧴􍧵􍬨􍬩􍰔􍰕􋿆􋿇􋿈􋿉􋿊􋿋􋿌􋿍􋿎􋿏􋿐􋿑􋿒􋿓􋿔􋿕􋿖􋿗􋿘􋿙􋿚􋿛􋿜􋿝􋿞􋿟􋿠􋿡􋿢􋿣􋿤􋿥􋿦􋿧􋿨􋿩􋿪􋿫􋿬􋿭􋿮􋿯􋿰􋿱􋿲􋿳􋿴􋿵􋿶􋿷􋿸􋿹􋿺􋿻􋿼􋿽􋿾􋿿􌀀􌀁􌀂􌀃􌀄􌀅􌀆􌀇􌀈􌀉􌀊􌀋􌀌􌀍􌀎􌀏􌀐􌀑􌀒􌀓􌀔􌀕􌀖􌀗􌀘􌀙􌀚􌀛􌀜􌀝􌀞􌀟􌀠􌀡􌀢􌀣􌀤􌀥􌀦􌀧􌀨􌀩􌀪􌀫􌀬􌀭􌀮􌀯􌀰􌀱􌀲􌀳􌀴􌀵􌀶􌀷􌀸􌀹􌀺􌀻􌀼􌀽􌀾􌀿􌁀􌁁􌁂􌁃􌁄􌁅􌁆􌁇􌁈􌁉􌁊􌁋􌁌􌁍􌁎􌁏􌁐􌁑􌁒􌁓􌁔􌁕􌁖􌁗􌁘􌁙􌁚􌁛􌁜􌁝􌁞􌁟􌁠􌁡􌁢􌁣􌁤􌁥􌁦􌁧􌁨􌁩􌁪􌁫􌁬􌁭􌁮􌁯􌁰􌁱􌁲􌁳􌁴􌁵􌁶􌁷􌁸􌁹􌁺􌁻􌁼􌁽􌁾􌁿􌂀􌂁􌂂􌂃􌂄􌂅􌂆􌂇􌂈􌂉􌂊􌂋􌂌􌂍􌂎􌂏􌂐􌂑􌂒􌂓􌂔􌂕􌋖􌋗􌋘􌋙􌋚􌋛􌋜􌋝􍩬􍩭􍩮􍩯􍨰􍨱􍨲􍨳􍩄􍩅􍩆􍩇􍨠􍨡􍨢􍨣􍨘􍨙􍨚􍨛􍩸􍩹􍩺􍩻􍩈􍩉􍩊􍩋􍪈􍪉􍪊􍪋􍪀􍪁􍪂􍪃􍩀􍩁􍩂􍩃􍩜􍩝􍩞􍩟􍨜􍨝􍨞􍨟􍨴􍨵􍨶􍨷􍨤􍨥􍨦􍨧􍨬􍨭􍨮􍨯􍩴􍩵􍩶􍩷􍨨􍨩􍨪􍨫􍩰􍩱􍩲􍩳􍪄􍪅􍪆􍪇􍩤􍩥􍩦􍩧􍨸􍨹􍨺􍨻􍩠􍩡􍩢􍩣􍨼􍨽􍨾􍨿􍩨􍩩􍩪􍩫􍩐􍩑􍩒􍩓􍪎􍪏􍪐􍪑􍰖􍰗􍰘􍰙􍩼􍩽􍩾􍩿􍷡􍷢􍷣􍷤􍷥􍷦􍷧􍷨􍩘􍩙􍩚􍩛􍩔􍩕􍩖􍩗􍨔􍨕􍨖􍨗􍩌􍩍􍩎􍩏􍬬􍬭􍬮􍬯􍰚􍰛􍰜􍰝":{"color":"#67f8f1ff"},"𝓪𝓫𝓬𝓭𝓮𝓯𝓰𝓱𝓲𝓳𝓴𝓵𝓶𝓷𝓸𝓹𝓺𝓻𝓼𝓽𝓾𝓿𝔀𝔁𝔂𝔃𝓐𝓑𝓒𝓓𝓔𝓕𝓖𝓗𝓘𝓙𝓚𝓛𝓜𝓝𝓞𝓟𝓠𝓡𝓢𝓣𝓤𝓥𝓦𝓧𝓨𝓩􋐥􋐦􋐱􋖜􋖝􋛀􋛁􋙨􋙩􋜌􋜍􋞂􋞃􋗎􋗏􋕺􋕻􋜢􋜣􋜆􋜇􋗘􋗙􋘎􋘏􋖺􋖻􋗊􋗋􋚲􋚳􋛈􋛉􋟈􋟉􋗰􋗱􋜠􋜡􋖐􋖑􋚾􋚿􋖠􋖡􋜀􋜁􋛸􋛹􋞬􋞭􋗢􋗣􋙘􋙙􋛒􋛓􋗾􋗿􋙚􋙛􋙪􋙫􋗺􋗻􋕼􋕽􋘼􋘽􋛴􋛵􋞚􋞛􋘮􋘯􋛨􋛩􋗔􋗕􋞈􋞉􋟄􋟅􋛦􋛧􋘤􋘥􋛲􋛳􋝆􋝇􋘪􋘫􋙦􋙧􋜂􋜃􋙲􋙳􋞜􋞝􋛊􋛋􋛔􋛕􋘺􋘻􋟚􋟛􋟜􋟝􋟲􋟳􌧲􌧳􌧴􌧵􌱊􌱋􌱌􌱍􌮖􌮗􌮘􌮙􌳪􌳫􌳬􌳭􌷚􌷛􌷜􌷝􌩖􌩗􌩘􌩙􌦪􌦫􌦬􌦭􌴚􌴛􌴜􌴝􌳞􌳟􌳠􌳡􌩲􌩳􌩴􌩵􌫢􌫣􌫤􌫥􌨮􌨯􌨰􌨱􌩎􌩏􌩐􌩑􌰮􌰯􌰰􌰱􌱚􌱛􌱜􌱝􌹦􌹧􌹨􌹩􌪦􌪧􌪨􌪩􌴒􌴓􌴔􌴕􌧚􌧛􌧜􌧝􌱆􌱇􌱈􌱉􌧺􌧻􌧼􌧽􌳒􌳓􌳔􌳕􌳂􌳃􌳄􌳅􌸮􌸯􌸰􌸱􌪊􌪋􌪌􌪍􌭶􌭷􌭸􌭹􌱲􌱳􌱴􌱵􌫂􌫃􌫄􌫅􌭺􌭻􌭼􌭽􌮚􌮛􌮜􌮝􌪺􌪻􌪼􌪽􌦮􌦯􌦰􌦱􌬾􌬿􌭀􌭁􌲺􌲻􌲼􌲽􌸊􌸋􌸌􌸍􌬢􌬣􌬤􌬥􌲢􌲣􌲤􌲥􌩪􌩫􌩬􌩭􌷦􌷧􌷨􌷩􌹞􌹟􌹠􌹡􌲞􌲟􌲠􌲡􌬎􌬏􌬐􌬑􌲶􌲷􌲸􌲹􌵢􌵣􌵤􌵥􌬚􌬛􌬜􌬝􌮒􌮓􌮔􌮕􌳖􌳗􌳘􌳙􌮪􌮫􌮬􌮭􌸎􌸏􌸐􌸑􌱞􌱟􌱠􌱡􌱶􌱷􌱸􌱹􌬺􌬻􌬼􌬽􌺊􌺋􌺌􌺍􌺎􌺏􌺐􌺑􌺺􌺻􌺼􌺽":{"color":"#6d60fcff"},"𝒂𝒃𝒄𝒅𝒆𝒇𝒈𝒉𝒊𝒋𝒌𝒍𝒎𝒏𝒐𝒑𝒒𝒓𝒔𝒕𝒖𝒗𝒘𝒙𝒚𝒛𝑨𝑩𝑪𝑫𝑬𝑭𝑮𝑯𝑰𝑱𝑲𝑳𝑴𝑵𝑶𝑷𝑸𝑹𝑺𝑻𝑼𝑽𝑾𝑿𝒀𝒁􍿥􍿦􍿧􍿨􍿩􍿪􍿫􍿬􍿭􍿮􍿯􍿰􍿱􍿲􍿳􍿴􍿵􍿶􍿷􍿸􍿹􍿺􍿻􍿼􍿽􍿾􍿿􎀀􎀁􎀂􎀃􎀄􎀅􎀆􎀇􎀈􎀉􎀊􎀋􎀌􎀍􎀎􎀏􎀐􎀑􎀒􎀓􎀔􎀕􎀖􎀗􎀘􎀙􎀚􎀛􎀜􎀝􎀞􎀟􎀠􎀡􎀢􎀣􎀤􎀥􎀦􎀧􎀨􎀩􎀪􎀫􎀬􎀭􎀮􎀯􎀰􎀱􎀲􎀳􎀴􎀵􎀶􎀷􎀸􎀹􎀺􎀻􎀼􎀽􎀾􎀿􎁀􎁁􎁂􎁃􎁄􎁅􎁆􎁇􎁈􎁉􎁊􎁋􎁌􎋣􎋤􎋥􎋦􎋧􎋨􎋩􎋪􎋫􎋬􎋭􎋮􎋯􎋰􎋱􎋲􎋳􎋴􎋵􎋶􎋷􎋸􎋹􎋺􎋻􎋼􎋽􎋾􎋿􎌀􎌁􎌂􎌃􎌄􎌅􎌆􎌇􎌈􎌉􎌊􎌋􎌌􎌍􎌎􎌏􎌐􎌑􎌒􎌓􎌔􎌕􎌖􎌗􎌘􎌙􎌚􎌛􎌜􎌝􎌞􎌟􎌠􎌡􎌢􎌣􎌤􎌥􎌦􎌧􎌨􎌩􎌪􎌫􎌬􎌭􎌮􎌯􎌰􎌱􎌲􎌳􎌴􎌵􎌶􎌷􎌸􎌹􎌺􎌻􎌼􎌽􎌾􎌿􎍀􎍁􎍂􎍃􎍄􎍅􎍆􎍇􎍈􎍉􎍊􎍋􎍌􎍍􎍎􎍏􎍐􎍑􎍒􎍓􎍔􎍕􎍖􎍗􎍘􎍙􎍚􎍛􎍜􎍝􎍞􎍟􎍠􎍡􎍢􎍣􎍤􎍥􎍦􎍧􎍨􎍩􎍪􎍫􎍬􎍭􎍮􎍯􎍰􎍱􎍲􎍳􎍴􎍵􎍶􎍷􎍸􎍹􎍺􎍻􎍼􎍽􎍾􎍿􎎀􎎁􎎂􎎃􎎄􎎅􎎆􎎇􎎈􎎉􎎊􎎋􎎌􎎍􎎎􎎏􎎐􎎑􎎒􎎓􎎔􎎕􎎖􎎗􎎘􎎙􎎚􎎛􎎜􎎝􎎞􎎟􎎠􎎡􎎢􎎣􎎤􎎥􎎦􎎧􎎨􎎩􎎪􎎫􎎬􎎭􎎮􎎯􎎰􎎱􎎲":{"color":"#6700e3ff"},"𝔞𝔟𝔠𝔡𝔢𝔣𝔤𝔥𝔦𝔧𝔨𝔩𝔪𝔫𝔬𝔭𝔮𝔯𝔰𝔱𝔲𝔳𝔴𝔵𝔶𝔷𝔄𝔅ℭ𝔇𝔈𝔉𝔊ℌℑ𝔍𝔎𝔏𝔐𝔑𝔒𝔓𝔔ℜ𝔖𝔗𝔘𝔙𝔚𝔛𝔜ℨ𝖆𝖇𝖈𝖉𝖊𝖋𝖌𝖍𝖎𝖏𝖐𝖑𝖒𝖓𝖔𝖕𝖖𝖗𝖘𝖙𝖚𝖛𝖜𝖝𝖞𝖟𝕬𝕭𝕮𝕯𝕰𝕱𝕲𝕳𝕴𝕵𝕶𝕷𝕸𝕹𝕺𝕻𝕼𝕽𝕾𝕿𝖀𝖁𝖂𝖃𝖄𝖅􊵤􋈦􊵥􋈧􊵦􋈨􊵧􋈩􊵨􋈪􊵩􋈫􊵪􋈬􊵫􋈭􊵬􋈮􊵭􋈯􊵮􋈰􊵯􋈱􊵰􋈲􊵱􋈳􊵲􋈴􊵳􋈵􊵴􋈶􊵵􋈷􊵶􋈸􊵷􋈹􊵸􋈺􊵹􋈻􊵺􋈼􊵻􋈽􊵼􋈾􊵽􋈿􊵏􋈑􊵐􋈒􊭑􋀓􊵑􋈓􊵒􋈔􊵓􋈕􊵔􋈖􊭀􋀂􊭄􋀆􊵕􋈗􊵖􋈘􊵗􋈙􊵘􋈚􊵙􋈛􊵚􋈜􊵛􋈝􊵜􋈞􊭌􋀎􊵝􋈟􊵞􋈠􊵟􋈡􊵠􋈢􊵡􋈣􊵢􋈤􊵣􋈥􊭏􋀑􊷅􋊇􊷆􋊈􊷇􋊉􊷈􋊊􊷉􋊋􊷊􋊌􊷋􋊍􊷌􋊎􊷍􋊏􊷎􋊐􊷏􋊑􊷐􋊒􊷑􋊓􊷒􋊔􊷓􋊕􊷔􋊖􊷕􋊗􊷖􋊘􊷗􋊙􊷘􋊚􊷙􋊛􊷚􋊜􊷛􋊝􊷜􋊞􊷝􋊟􊷞􋊠􊶫􋉭􊶬􋉮􊶭􋉯􊶮􋉰􊶯􋉱􊶰􋉲􊶱􋉳􊶲􋉴􊶳􋉵􊶴􋉶􊶵􋉷􊶶􋉸􊶷􋉹􊶸􋉺􊶹􋉻􊶺􋉼􊶻􋉽􊶼􋉾􊶽􋉿􊶾􋊀􊶿􋊁􊷀􋊂􊷁􋊃􊷂􋊄􊷃􋊅􊷄􋊆􋸦􋸧􋸨􋸩􋸪􋸫􋸬􋸭􋸮􋸯􋸰􋸱􋸲􋸳􋸴􋸵􋸶􋸷􋸸􋸹􋸺􋸻􋸼􋸽􋸾􋸿􋹀􋹁􋹂􋹃􋹄􋹅􋹆􋹇􋹈􋹉􋹊􋹋􋹌􋹍􋹎􋹏􋹐􋹑􋹒􋹓􋹔􋹕􋹖􋹗􋹘􋹙􋹚􋹛􋹜􋹝􋹞􋹟􋹠􋹡􋹢􋹣􋹤􋹥􋹦􋹧􋹨􋹩􋹪􋹫􋹬􋹭􋹮􋹯􋹰􋹱􋹲􋹳􋹴􋹵􋹶􋹷􋹸􋹹􋹺􋹻􋹼􋹽􋹾􋹿􋺀􋺁􋺂􋺃􋺄􋺅􋺆􋺇􋺈􋺉􋺊􋺋􋺌􋺍􋺎􋺏􋺐􋺑􋺒􋺓􋺔􋺕􋺖􋺗􋺘􋺙􋺚􋺛􋺜􋺝􋺞􋺟􋺠􋺡􋺢􋺣􋺤􋺥􋺦􋺧􋺨􋺩􋺪􋺫􋺬􋺭􋺮􋺯􋺰􋺱􋺲􋺳􋺴􋺵􋺶􋺷􋺸􋺹􋺺􋺻􋺼􋺽􋺾􋺿􋻀􋻁􋻂􋻃􋻄􋻅􋻆􋻇􋻈􋻉􋻊􋻋􋻌􋻍􋻎􋻏􋻐􋻑􋻒􋻓􋻔􋻕􋻖􋻗􋻘􋻙􋻚􋻛􋻜􋻝􋻞􋻟􋻠􋻡􋻢􋻣􋻤􋻥􋻦􋻧􋻨􋻩􋻪􋻫􋻬􋻭􋻮􋻯􋻰􋻱􋻲􋻳􋻴􋻵􋻶􋻷􋻸􋻹􋻺􋻻􋻼􋻽􋻾􋻿􋼀􋼁􋼂􋼃􋼄􋼅􋼆􋼇􋼈􋼉􋼊􋼋􋼌􋼍􋼎􋼏􋼐􋼑􋼒􋼓􋼔􋼕􋼖􋼗􋼘􋼙􋼚􋼛􋼜􋼝􋼞􋼟􋼠􋼡􋼢􋼣􋼤􋼥􋼦􋼧􋼨􋼩􋼪􋼫􋼬􋼭􋼮􋼯􋼰􋼱􋼲􋼳􋼴􋼵􋼶􋼷􋼸􋼹􋼺􋼻􋼼􋼽􋼾􋼿􋽀􋽁􋽂􋽃􋽄􋽅􋽆􋽇􋽈􋽉􋽊􋽋􋽌􋽍􋽎􋽏􋽐􋽑􋽒􋽓􋽔􋽕􋽖􋽗􋽘􋽙􋽚􋽛􋽜􋽝􋽞􋽟􋽠􋽡􋽢􋽣􋽤􋽥􋽦􋽧􋽨􋽩􋽪􋽫􋽬􋽭􋽮􋽯􋽰􋽱􋽲􋽳􋽴􋽵􋽶􋽷􋽸􋽹􋽺􋽻􋽼􋽽􋽾􋽿􋾀􋾁􋾂􋾃􋾄􋾅􋾆􋾇􋾈􋾉􋾊􋾋􋾌􋾍􋾎􋾏􋾐􋾑􋾒􋾓􋾔􋾕􋾖􋾗􋾘􋾙􋾚􋾛􋾜􋾝􋾞􋾟􋾠􋾡􋾢􋾣􋾤􋾥􋾦􋾧􋾨􋾩􋾪􋾫􋾬􋾭􋾮􋾯􋾰􋾱􋾲􋾳􋾴􋾵􋾶􋾷􋾸􋾹􋾺􋾻􋾼􋾽􋾾􋾿􋿀􋿁􋿂􋿃􋿄􋿅":{"color":"#ff3333ff"},"𝙖𝙗𝙘𝙙𝙚𝙛𝙜𝙝𝙞𝙟𝙠𝙡𝙢𝙣𝙤𝙥𝙦𝙧𝙨𝙩𝙪𝙫𝙬𝙭𝙮𝙯𝘼𝘽𝘾𝘿𝙀𝙁𝙂𝙃𝙄𝙅𝙆𝙇𝙈𝙉𝙊𝙋𝙌𝙍𝙎𝙏𝙐𝙑𝙒𝙓𝙔𝙕􍼃􍼄􍼅􍼆􍼇􍼈􍼉􍼊􍼋􍼌􍼍􍼎􍼏􍼐􍼑􍼒􍼓􍼔􍼕􍼖􍼗􍼘􍼙􍼚􍼛􍼜􍼝􍼞􍼟􍼠􍼡􍼢􍼣􍼤􍼥􍼦􍼧􍼨􍼩􍼪􍼫􍼬􍼭􍼮􍼯􍼰􍼱􍼲􍼳􍼴􍼵􍼶􍼷􍼸􍼹􍼺􍼻􍼼􍼽􍼾􍼿􍽀􍽁􍽂􍽃􍽄􍽅􍽆􍽇􍽈􍽉􍽊􍽋􍽌􍽍􍽎􍽏􍽐􍽑􍽒􍽓􍽔􍽕􍽖􍽗􍽘􍽙􍽚􍽛􍽜􍽝􍽞􍽟􍽠􍽡􍽢􍽣􍽤􍽥􍽦􍽧􍽨􍽩􍽪􎄟􎄠􎄡􎄢􎄣􎄤􎄥􎄦􎄧􎄨􎄩􎄪􎄫􎄬􎄭􎄮􎄯􎄰􎄱􎄲􎄳􎄴􎄵􎄶􎄷􎄸􎄹􎄺􎄻􎄼􎄽􎄾􎄿􎅀􎅁􎅂􎅃􎅄􎅅􎅆􎅇􎅈􎅉􎅊􎅋􎅌􎅍􎅎􎅏􎅐􎅑􎅒􎅓􎅔􎅕􎅖􎅗􎅘􎅙􎅚􎅛􎅜􎅝􎅞􎅟􎅠􎅡􎅢􎅣􎅤􎅥􎅦􎅧􎅨􎅩􎅪􎅫􎅬􎅭􎅮􎅯􎅰􎅱􎅲􎅳􎅴􎅵􎅶􎅷􎅸􎅹􎅺􎅻􎅼􎅽􎅾􎅿􎆀􎆁􎆂􎆃􎆄􎆅􎆆􎆇􎆈􎆉􎆊􎆋􎆌􎆍􎆎􎆏􎆐􎆑􎆒􎆓􎆔􎆕􎆖􎆗􎆘􎆙􎆚􎆛􎆜􎆝􎆞􎆟􎆠􎆡􎆢􎆣􎆤􎆥􎆦􎆧􎆨􎆩􎆪􎆫􎆬􎆭􎆮􎆯􎆰􎆱􎆲􎆳􎆴􎆵􎆶􎆷􎆸􎆹􎆺􎆻􎆼􎆽􎆾􎆿􎇀􎇁􎇂􎇃􎇄􎇅􎇆􎇇􎇈􎇉􎇊􎇋􎇌􎇍􎇎􎇏􎇐􎇑􎇒􎇓􎇔􎇕􎇖􎇗􎇘􎇙􎇚􎇛􎇜􎇝􎇞􎇟􎇠􎇡􎇢􎇣􎇤􎇥􎇦􎇧􎇨􎇩􎇪􎇫􎇬􎇭􎇮":{"color":"#ffa859ff"},"🅐🅑🅒🅓🅔🅕🅖🅗🅘🅙🅚🅛🅜🅝🅞🅟🅠🅡🅢🅣🅤🅥🅦🅧🅨🅩􍋬􍋭􍋮􍋯􍋰􍋱􍋲􍋳􍋴􍋵􍋶􍋷􍋸􍋹􍋺􍋻􍋼􍋽􍋾􍋿􍌀􍌁􍌂􍌃􍌄􍌅􍌆􍌇􍌈􍌉􍌊􍌋􍌌􍌍􍌎􍌏􍌐􍌑􍌒􍌓􍌔􍌕􍌖􍌗􍌘􍌙􍌚􍌛􍌜􍌝􍌞􍌟􍗬􍗭􍗮􍗯􍗰􍗱􍗲􍗳􍗴􍗵􍗶􍗷􍗸􍗹􍗺􍗻􍗼􍗽􍗾􍗿􍘀􍘁􍘂􍘃􍘄􍘅􍘆􍘇􍘈􍘉􍘊􍘋􍘌􍘍􍘎􍘏􍘐􍘑􍘒􍘓􍘔􍘕􍘖􍘗􍘘􍘙􍘚􍘛􍘜􍘝􍘞􍘟􍘠􍘡􍘢􍘣􍘤􍘥􍘦􍘧􍘨􍘩􍘪􍘫􍘬􍘭􍘮􍘯􍘰􍘱􍘲􍘳􍘴􍘵􍘶􍘷􍘸􍘹􍘺􍘻􍘼􍘽􍘾􍘿􍙀􍙁􍙂􍙃􍙄􍙅􍙆􍙇􍙈􍙉􍙊􍙋􍙌􍙍􍙎􍙏􍙐􍙑􍙒􍙓":{"color":"#ffaa22ff"},"ת⨃⮞✣ᔲƨƧᖵᖶ∴∵󷹛󷹚⫢󷹈󷹉󷹊∃∄􊫏􊾑􊱱􋄳􊲉􋅋􊱓􋄕􍮂􍮃􊪺􊽼􊪹􊽻􊫛􊾝􊫜􊾞􊮗􋁙􊮘􋁚􊽞􋐠􊽝􋐟􊱹􋄻􍯀􍯁􍯈􍯉􍯘􍯙􊮃􋁅􊮄􋁆􌋢􌋣􌋤􌋥􌐂􌐃􌐄􌐅􌐆􌐇􌐈􌐉􌐒􌐓􌐔􌐕􍮄􍮅􍮆􍮇􌐮􌐯􌐰􌐱􌐲􌐳􌐴􌐵􌐶􌐷􌐸􌐹􌐺􌐻􌐼􌐽􌐦􌐧􌐨􌐩􌐪􌐫􌐬􌐭􌐖􌐗􌐘􌐙􌐚􌐛􌐜􌐝􌐊􌐋􌐌􌐍􍯞􍯟􍯠􍯡􍯮􍯯􍯰􍯱􍰎􍰏􍰐􍰑􌐞􌐟􌐠􌐡􌐢􌐣􌐤􌐥":{"color":"#ff55ffff"},"⎊§󰤱🝇󷰶􊯙􋂛􊪨􊽪􊽌􋐎􊲬􋅮􊺸􋍺􀺀􀺁􌍒􌍓􌍔􌍕􌖢􌖣􌖤􌖥􌖞􌖟􌖠􌖡􌜞􌜟􌜠􌜡􌠶􌠷􌠸􌠹􀻔􀻕􀻖􀻗":{"color":"#22ee55ff"},"󷰰∾󷹁􀰼􀰽􀺠􀺡􍮔􍮕􊲭􋅯􊽘􋐚􀱂􀱃􀱄􀱅􀼔􀼕􀼖􀼗􍮖􍮗􍮘􍮙􌖲􌖳􌖴􌖵􌑆􌑇􌑈􌑉":{"color":"#aadd11ff"},"△▽▷◁⯅⯆⯇⯈≔≕󷸉󷸎󷸊󷸌󷸋󷸍➤󷰴􋓤􋓥􋓦􋓧􋓨􋓩􋓪􋓫􋓬􋓭􋓮􋓯􋓰􋓱􊲊􋅌􊮝􋁟􍪪􍪫􍸱􍸲􍸯􍸰􍸙􍸚􍸛􍸜􍸝􍸞􍸗􍸘􌿊􌿋􀺨􀺩􌎪􌎫􌎬􌎭􌎮􌎯􌎰􌎱􌎲􌎳􌎴􌎵􌎶􌎷􌎸􌎹􌎺􌎻􌎼􌎽􌎾􌎿􌏀􌏁􌏂􌏃􌏄􌏅􌏆􌏇􌏈􌏉􌕎􌕏􌕐􌕑􍪬􍪭􍪮􍪯􍸷􍸸􍸹􍸺􍸳􍸴􍸵􍸶􍸣􍸤􍸥􍸦􍸧􍸨􍸩􍸪􍸫􍸬􍸭􍸮􍸟􍸠􍸡􍸢􍆀􍆁􍆂􍆃􀼤􀼥􀼦􀼧":{"color":"#ff00aaff"},"⁞⁑󷺄🝑∗∛∜‖⦙┆󰤃⋉⋊⋋⋌⋈⨯×⩜⩑⩕⩞⩠⩛⩝⩒⩙⩖⩢⩣∬∭⨌∮∯∰∲∱∳⨑⨕⨖⑀≮≰≯≱⟺⇕󷹂󷹃󷹯󷹭󷹮󷹰⋸⟒⫙⋃⋂≢≈≝≜󷹀≟⪟⪠⊇⊉⊆⊈ᗕᗏ⦚ᗌᗒ󷰟≡≠󷷼∣∤<>≥≤∈∋∉∌⊂⊃⊄⊅⊊⊋󷹲󷹳/\\*≪⥱≫⊼⩟⊽⊻􍶪􍶫􍍐􍍑􍯆􍯇􍍒􍍓􊮍􋁏􋝤􋝥􋛼􋛽􊬉􊿋􍍔􍍕􍍖􍍗􍍘􍍙􋟀􋟁􋜲􋜳􀱌􀱍􀱎􀱏􋖊􋖋􊱴􋄶􊪳􊽵􋓺􋓻􋓼􋓽􋓾􋓿􋔀􋔁􋔄􋔅􋔆􋔇􋔈􋔉􋔊􋔋􋔌􋔍􋔎􋔏􋔐􋔑􋔔􋔕􋛠􋛡􋘌􋘍􋛎􋛏􋛰􋛱􋗲􋗳􋙮􋙯􋘚􋘛􋖌􋖍􋝲􋝳􋘾􋘿􋛚􋛛􋕬􋕭􍍚􍍛􊮦􋁨􊮨􋁪􊮧􋁩􊮩􋁫􊱥􋄧􊭽􋀿􊽙􋐛􊽚􋐜􊽡􋐣􊽟􋐡􊽠􋐢􊽢􋐤􊯊􋂌􊱛􋄝􊱸􋄺􊯄􋂆􊯃􋂅􊮣􋁥􊮜􋁞􊮟􋁡􊮞􋁠􊽗􋐙􊮠􋁢􍢾􍢿􍣀􍣁􊮱􋁳􊮳􋁵􊮰􋁲􊮲􋁴􍪰􍪱􍪲􍪳􍪶􍪷􍪺􍪻􍪼􍪽􀺰􀺱􊮢􋁤􊮡􋁣􎓋􎓌􊮐􋁒􊮑􋁓󰄟󰂂󰄞󰂁􊮥􋁧􊮤􋁦􊮇􋁉􊮉􋁋􊮈􋁊􊮊􋁌􊮬􋁮􊮭􋁯􊮮􋁰􊮯􋁱􊮴􋁶􊮵􋁷􎗛􎗜􎗙􎗚􋑫􋑬􋑩􋑪􍀰􍀱􌿖􌿗􌿎􌿏􊯀􋂂􋔂􋔃􋔒􋔓􊮿􋂁􍶬􍶭􍶮􍶯􍚴􍚵􍚶􍚷􍯪􍯫􍯬􍯭􍚸􍚹􍚺􍚻􌑖􌑗􌑘􌑙􌶞􌶟􌶠􌶡􌳊􌳋􌳌􌳍􌑊􌑋􌑌􌑍􍚼􍚽􍚾􍚿􍛀􍛁􍛂􍛃􍛄􍛅􍛆􍛇􌹖􌹗􌹘􌹙􌴺􌴻􌴼􌴽􀱐􀱑􀱒􀱓􀱔􀱕􀱖􀱗􌧎􌧏􌧐􌧑􌑚􌑛􌑜􌑝􌑞􌑟􌑠􌑡􌑮􌑯􌑰􌑱􌑲􌑳􌑴􌑵􌑶􌑷􌑸􌑹􌑺􌑻􌑼􌑽􌒆􌒇􌒈􌒉􌒎􌒏􌒐􌒑􌒒􌒓􌒔􌒕􌒖􌒗􌒘􌒙􌒚􌒛􌒜􌒝􌒞􌒟􌒠􌒡􌒢􌒣􌒤􌒥􌒮􌒯􌒰􌒱􌲒􌲓􌲔􌲕􌫞􌫟􌫠􌫡􌱪􌱫􌱬􌱭􌲲􌲳􌲴􌲵􌪪􌪫􌪬􌪭􌮢􌮣􌮤􌮥􌫺􌫻􌫼􌫽􌧒􌧓􌧔􌧕􌶺􌶻􌶼􌶽􌭂􌭃􌭄􌭅􌲆􌲇􌲈􌲉􌦎􌦏􌦐􌦑􍛈􍛉􍛊􍛋􌓂􌓃􌓄􌓅􌓊􌓋􌓌􌓍􌓎􌓏􌓐􌓑􌓖􌓗􌓘􌓙􌓢􌓣􌓤􌓥􌓦􌓧􌓨􌓩􌓪􌓫􌓬􌓭􌓮􌓯􌓰􌓱􌓲􌓳􌓴􌓵􌓶􌓷􌓸􌓹􌓺􌓻􌓼􌓽􌓾􌓿􌔀􌔁􌔚􌔛􌔜􌔝􌔦􌔧􌔨􌔩􌔪􌔫􌔬􌔭􌔮􌔯􌔰􌔱􌔲􌔳􌔴􌔵􌕆􌕇􌕈􌕉􌕊􌕋􌕌􌕍􌕒􌕓􌕔􌕕􌕖􌕗􌕘􌕙􌕚􌕛􌕜􌕝􌕞􌕟􌕠􌕡􍤶􍤷􍤸􍤹􍤺􍤻􍤼􍤽􌖂􌖃􌖄􌖅􌖆􌖇􌖈􌖉􌖒􌖓􌖔􌖕􌖖􌖗􌖘􌖙􍪾􍪿􍫀􍫁􍫂􍫃􍫄􍫅􍫊􍫋􍫌􍫍􍫒􍫓􍫔􍫕􍫖􍫗􍫘􍫙􀼴􀼵􀼶􀼷􌕂􌕃􌕄􌕅􌔾􌔿􌕀􌕁􎓧􎓨􎓩􎓪􌔊􌔋􌔌􌔍􌔎􌔏􌔐􌔑􊽂􋐄􊻼􋎾􊽁􋐃􊻻􋎽􌓒􌓓􌓔􌓕􌓆􌓇􌓈􌓉􌔒􌔓􌔔􌔕􌔞􌔟􌔠􌔡􌔖􌔗􌔘􌔙􌔢􌔣􌔤􌔥􌕶􌕷􌕸􌕹􌕲􌕳􌕴􌕵􌖊􌖋􌖌􌖍􌕺􌕻􌕼􌕽􌖎􌖏􌖐􌖑􌕾􌕿􌖀􌖁􎗧􎗨􎗩􎗪􎗣􎗤􎗥􎗦􌥖􌥗􌥘􌥙􌥚􌥛􌥜􌥝􊲡􋅣􊲢􋅤􍆜􍆝􍆞􍆟􍇈􍇉􍇊􍇋􍇌􍇍􍇎􍇏􌒂􌒃􌒄􌒅􌑾􌑿􌒀􌒁􌒪􌒫􌒬􌒭􌒦􌒧􌒨􌒩":{"color":"#bb5566ff"},"⨉󷰬⊞∖􊱲􋄴􀺄􀺅􊮺􋁼􊮌􋁎􌑢􌑣􌑤􌑥􀻜􀻝􀻞􀻟􌎖􌎗􌎘􌎙􌟞􌟟􌟠􌟡":{"color":"#cc66ccff"},"⩚󷰞∧⩓󷺒󷺬􋓸􋓹􀺶􀺷􊮒􋁔􋔖􋔗􀹊􀹋􍭆􍭇􌑪􌑫􌑬􌑭􀽀􀽁􀽂􀽃􌑦􌑧􌑨􌑩􌒺􌒻􌒼􌒽􀹤􀹥􀹦􀹧􍭈􍭉􍭊􍭋":{"color":"#cc6666ff"},"∫󷰡ፓ󷷴󷷳∘○⍜󰬩󰬫󱖚󱖘⊚⊜⍟⊛🟕🟖󰔶ᣆ󷷹􊮖􋁘􀺤􀺥􎒏􎒐􎒑􎒒􎒓􎒔􊮎􋁐􊱇􋄉􍮜􍮝􍮠􍮡􍮞􍮟􍮢􍮣􍮤􍮥􀱼􀱽􀱾􀱿􍏾􍏿􍶿􍷀􀲀􀲁􀲂􀲃􀱘􀱙􀱚􀱛􀱜􀱝􀰺􀰻􋔲􋔳􍹉􍹊􌑂􌑃􌑄􌑅􀼜􀼝􀼞􀼟􎒕􎒖􎒗􎒘􎒙􎒚􎒛􎒜􎒝􎒞􎒟􎒠􌍺􌍻􌍼􌍽􌎎􌎏􌎐􌎑􍮪􍮫􍮬􍮭􍮲􍮳􍮴􍮵􍮮􍮯􍮰􍮱􍮶􍮷􍮸􍮹􍮺􍮻􍮼􍮽􀲄􀲅􀲆􀲇􀲈􀲉􀲊􀲋􍠐􍠑􍠒􍠓􍷭􍷮􍷯􍷰􀲌􀲍􀲎􀲏􀲐􀲑􀲒􀲓􀱞􀱟􀱠􀱡􀱢􀱣􀱤􀱥􀱦􀱧􀱨􀱩􀰾􀰿􀱀􀱁􌝲􌝳􌝴􌝵􍹣􍹤􍹥􍹦":{"color":"#bb99ddff"},"⭠⭢⬅➡←→⥉󷰚􊲂􋅄􊲄􋅆􊱼􋄾􊱙􋄛􊭨􋀪􊭪􋀬􊱬􋄮􀹶􀹷􌘞􌘟􌘠􌘡􌘢􌘣􌘤􌘥􌘮􌘯􌘰􌘱􌘲􌘳􌘴􌘵􌚶􌚷􌚸􌚹􌚺􌚻􌚼􌚽􌞚􌞛􌞜􌞝􀻀􀻁􀻂􀻃":{"color":"#ee66bbff"},"↦󰅁󰅂𝚲⥌ᐳᐸᑀᑅᐵᑈ󷺹󷺽󷺺󷺾ᐒᐘᐖᐛ󷺻󷺿󷺼󷻀􊭲􋀴􊽄􋐆􊽅􋐇􊸔􋋖􊱭􋄯􍫚􍫛􍫜􍫝􍫞􍫟􍫠􍫡􍫦􍫧􍫨􍫩􍯎􍯏􍯊􍯋􍯒􍯓􍯂􍯃􍫢􍫣􍫤􍫥􍫪􍫫􍁎􍁏􍮾􍮿􍯖􍯗􍯌􍯍􍯐􍯑􌚊􌚋􌚌􌚍􌟎􌟏􌟐􌟑􌟒􌟓􌟔􌟕􌡆􌡇􌡈􌡉􌠦􌠧􌠨􌠩􍫬􍫭􍫮􍫯􍫰􍫱􍫲􍫳􍫴􍫵􍫶􍫷􍫸􍫹􍫺􍫻􍬄􍬅􍬆􍬇􍬈􍬉􍬊􍬋􍯺􍯻􍯼􍯽􍯲􍯳􍯴􍯵􍰂􍰃􍰄􍰅􍯢􍯣􍯤􍯥􍫼􍫽􍫾􍫿􍬀􍬁􍬂􍬃􍬌􍬍􍬎􍬏􍂰􍂱􍂲􍂳􍯚􍯛􍯜􍯝􍰊􍰋􍰌􍰍􍯶􍯷􍯸􍯹􍯾􍯿􍰀􍰁":{"color":"#f6d645ff"}," 􊬇􊿉􌗦􌗧􌗨􌗩":{"color":"#ffcc0022","backgroundColor":"#ffff6633","borderStyle":"solid","borderWidth":"1px","borderRadius":"1px"}," 􊬔􊿖􌗪􌗫􌗬􌗭":{"color":"#00ffcc22","backgroundColor":"#5555ddee","borderStyle":"solid","borderWidth":"1px","borderRadius":"1px"},"⎧⎪⎨⎩⎫⎪⎬⎭⎛⎜⎝⎞⎟⎠⎡⎢⎣⎤⎥⎦⌠⎮⌡⎲⎳┌┬┐├┼┤└┴┘":{"color":"#eecceeff"},"󷰜⨳􀺦􀺧􊱵􋄷􀼠􀼡􀼢􀼣􌎢􌎣􌎤􌎥":{"color":"#ee33bbff"},"󷰝󷺤󷺦∨⩔󷺥󷺫󷸐󷸏􀺮􀺯􀹆􀹇􀹂􀹃􊮓􋁕􋔘􋔙􀹄􀹅􍭀􍭁􀹪􀹫􀹨􀹩􀼰􀼱􀼲􀼳􀹜􀹝􀹞􀹟􀹔􀹕􀹖􀹗􌒊􌒋􌒌􌒍􌒾􌒿􌓀􌓁􀹘􀹙􀹚􀹛􍭂􍭃􍭄􍭅􀹰􀹱􀹲􀹳􀹬􀹭􀹮􀹯":{"color":"#ff7777ff"},"󷰠ᴍꟿſϜ⨁⨀󰈲󰈳󰒼󰒽ᗢᙧᙎᙡᖘ󱖔􀺘􀺙􊫟􊾡􊲛􋅝􍰤􍰥􋕀􋕁􋔨􋔩􋔪􋔫􊱯􋄱􊱮􋄰􊽇􋐉􊽈􋐊􊽊􋐌􊽋􋐍􋔸􋔹􋔺􋔻􋔼􋔽􋔾􋔿􎔛􎔜􍺕􍺖􀼄􀼅􀼆􀼇􌠎􌠏􌠐􌠑􌞒􌞓􌞔􌞕􍰦􍰧􍰨􍰩􌠂􌠃􌠄􌠅􌜂􌜃􌜄􌜅􌜆􌜇􌜈􌜉􌍾􌍿􌎀􌎁􌎊􌎋􌎌􌎍􌞶􌞷􌞸􌞹􌞺􌞻􌞼􌞽􌞮􌞯􌞰􌞱􌞲􌞳􌞴􌞵􌞞􌞟􌞠􌞡􌞢􌞣􌞤􌞥􌞦􌞧􌞨􌞩􌞪􌞫􌞬􌞭􎔥􎔦􎔧􎔨􍺗􍺘􍺙􍺚":{"color":"#66ccffff"},"󷰢ᐹᐴ󷹵󷹴󱑼󷹅ᓕᕋ􀺺􀺻􊫕􊾗􍬐􍬑􀸲􀸳􀸴􀸵􍬪􍬫􍰞􍰟􎗓􎗔􎔟􎔠􀽈􀽉􀽊􀽋􌞂􌞃􌞄􌞅􍬒􍬓􍬔􍬕􀸶􀸷􀸸􀸹􀸺􀸻􀸼􀸽􍬰􍬱􍬲􍬳􍰠􍰡􍰢􍰣􎗕􎗖􎗗􎗘􎔭􎔮􎔯􎔰":{"color":"#cc0088ff"},"󷰣|􀺈􀺉􋕠􋕡􀻤􀻥􀻦􀻧􌥴􌥵􌥶􌥷":{"color":"#00ff55ff"},"󷰤^􀺊􀺋􋕢􋕣􀻨􀻩􀻪􀻫􌥸􌥹􌥺􌥻":{"color":"#11ee66ff"},"󷰥&􀹺􀹻﹠􊽦􀻈􀻉􀻊􀻋􊲱􋅳􌥬􌥭":{"color":"#22dd77ff"},"󷰦⪡⪢􀺴􀺵􍬴􍬵􍬶􍬷􀼼􀼽􀼾􀼿􍬸􍬹􍬺􍬻􍬼􍬽􍬾􍬿":{"color":"#33cc88ff"},"󷰧+-∓±󷷶󷷻􀹾􀹿₊⁺₋⁻􊮋􋁍􊪫􊽭􍹇􍹈􍹍􍹎􀻐􀻑􀻒􀻓􊬭􊿯􊬝􊿟􊬮􊿰􊬞􊿠􌓚􌓛􌓜􌓝􌓞􌓟􌓠􌓡􍹟􍹠􍹡􍹢􍹫􍹬􍹭􍹮":{"color":"#44bb99ff"},"󷰨◄►⋄􀹼􀹽􊱆􋄈􊱅􋄇􌾔􌾕􀻌􀻍􀻎􀻏􌜮􌜯􌜰􌜱􌜲􌜳􌜴􌜵􌾜􌾝􌾞􌾟":{"color":"#8855ffff"},"󷰪∪󷹩􀺂􀺃􊮕􋁗􎗷􎗸􀻘􀻙􀻚􀻛􌕪􌕫􌕬􌕭􎗹􎗺􎗻􎗼":{"color":"#eeaaeeff"},"󷰫∩􀺆􀺇􊮔􋁖􀻠􀻡􀻢􀻣􌕮􌕯􌕰􌕱":{"color":"#dd88ddff"},"󷰯…⌃󷷺􀺪􀺫􊬋􊿍􊯋􋂍􍹑􍹒􀼨􀼩􀼪􀼫􌏚􌏛􌏜􌏝􌟚􌟛􌟜􌟝􍹳􍹴􍹵􍹶":{"color":"#ccee33ff"},"󷰷!􀺞􀺟􊪡ꜝ􀼐􀼑􀼒􀼓􌥞􌥟􊲘􋅚":{"color":"#bbdd22ff"},"✗ⴴ􊱑􋄓􊲏􋅑􌖶􌖷􌖸􌖹􌝊􌝋􌝌􌝍":{"color":"#ff0000ff"},"‹›􊬏􊿑􊬐􊿒􌜾􌜿􌝀􌝁􌝂􌝃􌝄􌝅":{"color":"#ff55aaff","backgroundColor":"#00ffdd44","borderStyle":"solid","borderWidth":"1px","borderRadius":"1px"},"􊲫􋅭􌖦􌖧􌖨􌖩":{"color":"#24f115ff","backgroundColor":"#44ff0022"},"↉󷷉½⅓¼⅕⅙⅐⅛⅑⅒⅔⅖󷶲󷶷¾⅗󷶳⅜󷷆⅘󷶴󷷂⅚󷶵⅝󷶹󷶶⅞󷶺󷷇󷶻󷷈􋓠􋓡􎕍􎕎􊪰􊽲􊭜􋀞􊪯􊽱􊭞􋀠􊭢􋀤􊭙􋀛􊭤􋀦􊭚􋀜􊭛􋀝􊭝􋀟􊭟􋀡􎕛􎕜􎔻􎔼􊪱􊽳􊭠􋀢􎕥􎕦􊭥􋀧􎔷􎔸􊭡􋀣􎕟􎕠􎕅􎕆􊭣􋀥􎕡􎕢􊭦􋀨􎕧􎕨􎕋􎕌􊭧􋀩􎔿􎕀􎔽􎔾􎕇􎕈􎕁􎕂􌋪􌋫􌋬􌋭􎖕􎖖􎖗􎖘􌋮􌋯􌋰􌋱􌋲􌋳􌋴􌋵􌋶􌋷􌋸􌋹􌋺􌋻􌋼􌋽􌋾􌋿􌌀􌌁􌌂􌌃􌌄􌌅􌌆􌌇􌌈􌌉􌌊􌌋􌌌􌌍􌌎􌌏􌌐􌌑􌌒􌌓􌌔􌌕􌌖􌌗􌌘􌌙􎖱􎖲􎖳􎖴􎕱􎕲􎕳􎕴􌌚􌌛􌌜􌌝􌌞􌌟􌌠􌌡􎗅􎗆􎗇􎗈􌌢􌌣􌌤􌌥􎕩􎕪􎕫􎕬􌌦􌌧􌌨􌌩􎖹􎖺􎖻􎖼􎖅􎖆􎖇􎖈􌌪􌌫􌌬􌌭􎖽􎖾􎖿􎗀􌌮􌌯􌌰􌌱􎗉􎗊􎗋􎗌􎖑􎖒􎖓􎖔􌌲􌌳􌌴􌌵􎕹􎕺􎕻􎕼􎕵􎕶􎕷􎕸􎖉􎖊􎖋􎖌􎕽􎕾􎕿􎖀":{"color":"#57a5a6ff"}}