{"([✝􊱒􋄔􍁰-􍁳]+)":{"decorations":[{"color":"#00aaffff","fontStyle":"bold"}]},"([îĵńśΓΔΘΛΞΠΣΦ-Ωα-ωϑϕϲА-ФЦ-фц-яᐦᗜℇ∂∇∞□⟝⟞𝗔-𝘇𝜋𝟬-𝟵󰀶󰀷󰀻󰁁󰁃󰁅󰁈󰁊-󰁙󰁛-󰁤󰃎󰃏󰃓󰃙󰃛󰃝󰃠󰃢-󰃱󰃳-󰃼󰈙󷰻󷺈󷺍-󷺏󷺗􀰒-􀰹􀱬􀱭􀱲-􀱻􀹸􀹹􀻄-􀻇􊫆-􊫉􊫔􊫝􊮂􊮆􊱃􊷠-􊸓􊻔-􊻴􊼚-􊼺􊾈-􊾋􊾖􊾟􋁄􋁈􋄅􋊢-􋋕􋎖-􋎶􋏜-􋏼􋐧-􋐰􋐲-􋐹􋐼-􋑋􋑍-􋑦􋑭􋑯􋓌-􋓟􋔚􋔛􋕲􋕳􋕶􋕷􋖀􋖁􋖈􋖉􋖒-􋖕􋖦􋖧􋖮-􋖱􋖾-􋗁􋗆􋗇􋗞􋗟􋗤􋗥􋗴-􋗷􋘀-􋘃􋘊􋘋􋘦􋘧􋙀􋙁􋙄􋙅􋙌-􋙏􋙔-􋙗􋙜-􋙟􋙬􋙭􋚈􋚉􋚌􋚍􋚜􋚝􋚨-􋚫􋚰􋚱􋚴-􋚷􋛖-􋛙􋛢􋛣􋛬-􋛯􋜔􋜕􋜦-􋜫􋜴-􋜷􋜾􋜿􋝂-􋝅􋝒-􋝕􋝚􋝛􋝢􋝣􋞖􋞗􋞢-􋞧􋞪􋞫􋞰􋞱􋟂􋟃􋟊-􋟍􋟞-􋟱􋟴-􋠃􋠈-􋠧􋠪-􋡵􋴮-􋸥􌎒-􌎕􌖪-􌖭􌝎-􌝑􌟖-􌟙􌦚-􌦝􌦢-􌦥􌦶-􌦹􌧆-􌧉􌧞-􌧥􌨆-􌨉􌨖-􌨝􌨶-􌨽􌩆-􌩉􌪂-􌪅􌪎-􌪑􌪮-􌪵􌫆-􌫍􌫚-􌫝􌬒-􌬕􌭆-􌭉􌭎-􌭑􌭞-􌭥􌭮-􌭵􌭾-􌮅􌮞-􌮡􌯖-􌯙􌯞-􌯡􌯾-􌰁􌰚-􌰡􌰪-􌰭􌰲-􌰹􌱺-􌱽􌲂-􌲅􌲖-􌲙􌲪-􌲱􌳺-􌳽􌴢-􌴭􌴾-􌵅􌵒-􌵕􌵚-􌵡􌵺-􌶁􌶊-􌶍􌶚-􌶝􌸂-􌸅􌸚-􌸥􌸪-􌸭􌸶-􌸹􌹚-􌹝􌹪-􌹱􌺒-􌺹􌺾-􌻝􌻦-􌼥􌼪-􌾑􌾦-􌾩􍀒􍀓􍁴-􍁻􍄨-􍄫􍢈-􍢍􍪴􍪵􍪸􍪹􍫆-􍫉􍫎-􍫑􍯄􍯅􍯔􍯕􍯦-􍯩􍰆-􍰉􍳌-􍳑􍶰􍷁-􍷄􍷏􍷐􍷱-􍷸􍸍-􍸐􍺋􍺌􍺑-􍺔]+)":{"decorations":[{"color":"#5a45f6ff"}]},"([♭♮𝄽𝅝-𝅘𝅥𝅰𝅘𝅥𝅲𝐀-𝐳𝝘𝝙𝝝𝝠𝝣𝝥𝝨𝝫𝝭-𝝽𝝿-𝞉𝞋𝞍𝟎-𝟗􊲿-􊳲􊸺-􊹨􋆁-􋆴􋋼-􋌪􋖂􋖃􋨾-􋯉􌦺-􌦽􍈈-􍈙􍐤-􍑇􍢐􍢑􍣚-􍣝]+)":{"decorations":[{"color":"#84d1c4ff"}]},"([¢£«»ᐂᐄ•‼‽ↀ≖⊕-⊗⊙⊲-⊵⋪-⋭⌗⍥␦♢♯✡✪❗⟐⨂⨸⬤⭐ⵌ⸮🜂🜄󰦥󱈸󷸦󷸧󷹹􀱆-􀱋􊫑􊫒􊬊􊮶-􊮹􊮾􊯐􊯟􊱊􊱕􊱰􊱶􊲀􊲔􊲖􊺵􊺶􊾓􊾔􊿌􋁸-􋁻􋂀􋂒􋂡􋄌􋄗􋄲􋄸􋅂􋅖􋅘􋍷􋍸􋓢􋓣􋓴-􋓷􋞄􋞅􌌶-􌍍􌍞-􌍭􌍲-􌍹􌎂-􌎉􌎚-􌎡􌎦-􌎩􌏦-􌏭􌏶-􌐁􌷞-􌷡􌾒􌾓􌾖-􌾛􌾠-􌾣􍁌􍁍􍂼-􍂿􍍄-􍍉􍍎􍍏􍎘-􍎛􍏐-􍏕􍚜-􍚧􍚰-􍚳􍝄-􍝋􍞴-􍞿􍢘-􍢣􍣪-􍤁􍭘􍭙􍭢-􍭥􍮚􍮛􍮦-􍮩􍱀􍱁􍱊􍱋􍲌-􍲏􍲠-􍲣􍹷􍹸􍹻-􍹾]+)":{"decorations":[{"color":"#78c59eff"}]},"([¬¯󷰮􀺚􀺛􀼈-􀼋􊪪􊽬􌐾-􌑁􍈼􍈽􍒌-􍒏]+)":{"decorations":[{"color":"#ffff55ff"}]},"([´ᔨᵜ≺-⊁⋠⋡⋨⋩⟤⟥⪱⪲꜠𐞑󷰲􀺒􀺓􀻸-􀻻􊫿􊮪􊮫􊱜􊱝􊲙􊲾􊿁􋁬􋁭􋄞􋄟􋅛􋆀􌔺-􌔽􌜶-􌜽􌝒-􌝝􌠆-􌠉􌿌􌿍􍄸-􍄻􍢦-􍢽􍤆-􍤵􎔝􎔞􎔩-􎔬]+)":{"decorations":[{"color":"#ff0011ff"}]},"([#$,.:;?¨′-‴⁗⋮-⋱﹕﹖﹩󰁱󰁲󰄎󰄏󷰳􀺔􀺕􀻼-􀻿􊪩􊬌-􊬎􊬓􊯆-􊯉􊲯􊲰􊲲􊻵􊻶􊼻􊼼􊽤􊽧􊽨􊽫􊿎-􊿐􊿕􋂈-􋂋􋅱􋅲􋅴􋎷􋎸􋏽􋏾􋕜􋕝􋕤􋕥􌏊-􌏙􌏞-􌏡􌚞-􌚭􌥠􌥡􌥦-􌥫􌥼-􌦁]+)":{"decorations":[{"color":"#99bb77ff"}]},"([%@~¶÷˜˷؆ᚤᴙ↨√≅≇⋀⋁⋅⍉⍭▢☾⛶✿⟕-⟗⟷⤈⤉⦡⨝⫚⫯⫰⬄⬒⬓⭥ⴵ⸓⹏﹪𝌂🃌󰆩󰌷󰑅󰔛󰛔󰤷󰸵󰸷󱅏󱫩󷰭󷷷󷷸󷸑󷸒󷸕-󷸜󷸸-󷸻󷹄󷹌-󷹎󷹒-󷹗󷹜󷹝􀸔-􀸥􀺎􀺏􀻰-􀻳􊪴􊫁􊫅􊫠􊭴􊮏􊮚􊮛􊯁􊯂􊯅􊯖􊯗􊱄􊱉􊱌􊱤􊱨􊱩􊱺􊱻􊲆􊲐􊲗􊲳􊹳􊽛􊽥􊽶􊾃􊾇􊾢􋀶􋁑􋁜􋁝􋂃􋂄􋂇􋂘􋂙􋄆􋄋􋄎􋄦􋄪􋄫􋄼􋄽􋅈􋅒􋅙􋅵􋌵􋐝􋒀􋒁􋔬􋔭􋔴-􋔷􋕚􋕛􋛞􋛟􋝊􋝋􋢞-􋢡􋤞-􋤡􌍎-􌍑􌑎-􌑕􌒲-􌒹􌔂-􌔉􌕢-􌕩􌘆-􌘍􌜢-􌜭􌝢-􌝥􌝶-􌝹􌞆-􌞑􌞖-􌞙􌟪-􌟭􌟺-􌟽􌠖-􌠙􌠞-􌠡􌠮-􌠱􌠺-􌠽􌥢-􌥥􌥮􌥯􌲎-􌲑􌵪-􌵭􌿄􌿅􌿐􌿑􍀈􍀉􍀔􍀕􍀚􍀛􍀲􍀳􍂘-􍂛􍃀-􍃃􍃜-􍃟􍄜-􍄟􍅔-􍅗􍆤-􍆧􍡄-􍡋􍡼-􍢇􍣊􍣋􍥎-􍥑􍥪􍥫􍥶-􍥹􍦚􍦛􍦠-􍦣􍦪􍦫􍦴-􍦷􍧀-􍧇􍧔-􍧗􍪒-􍪩􍭌-􍭑􍭚-􍭡􍭦-􍭵􍱄-􍱇􍱎􍱏􍲔-􍲛􍲨-􍲫􍴔-􍴗􍶞-􍶥􍷅-􍷎􍷹-􍸌􍹋􍹌􍹏􍹐􍹧-􍹪􍹯-􍹲􎒡-􎒬􎓍􎓎􎓫-􎓮􎔙􎔚􎔡-􎔤􎔱-􎔶􎗝􎗞􎗫-􎗮􎗿􎘀􎘇􎘈􎘋􎘌􎘑-􎘔􎘡-􎘤􎘩-􎘸]+)":{"decorations":[{"color":"#bb44ddff"}]},"([əϠϡᾇ⎋⏏⚙󰉷󰉽󰊄󰊰󰍉󰍒󰎑󰑇󰑭󰕞󰗴󰘨󰚥󰝊󰠩󰡱󰡷󰣰󰨥󰫮-󰬇󰬹-󰭂󰷔󰿨󱀝󱁐󱁕󱇙󱗿󱘎󱧡󱨹󷰺􀲔-􀲙􀺖􀺗􀼀-􀼃􊱋􋄍􋑧􋑨􋑰-􋑿􋒂-􋒋􋒎-􋒗􋒚-􋓋􋡶-􋢝􋢢-􋢱􋢶-􋢹􋢾-􋣑􋣖-􋣱􋣶-􋤑􋤖-􋤝􋤢-􋥅􌿰􌿱􍃼-􍃿􍈾-􍉉􍉌-􍉑􍉾-􍊩􍒐-􍒧􍒬-􍒷􍔐-􍕧􍢎􍢏􍣖-􍣙􍥦-􍥩􍥮-􍥵􍶱-􍶸􍷑-􍷠􍸻-􍹀]+)":{"decorations":[{"color":"#c6b835ff"}]},"([✓ⴳ􊱐􊲎􋄒􋅐􋤒-􋤕􌝆-􌝉]+)":{"decorations":[{"color":"#00ff00ff"}]},"([␀-␡␤󰵇􊯚-􊯞􋂜-􋂠􌗲-􌘅􍉊􍉋􍍜-􍎗􍒨-􍒫􍛌-􍝃]+)":{"decorations":[{"color":"#33ff44ff","backgroundColor":"#33ff4412","borderColor":"#33ff44ff","borderStyle":"solid","borderWidth":"1px","borderRadius":"1px"}]},"([®ᔐℎℵℶ∅⍁⍖𝐴-𝑔𝑖-𝑧𝜞𝜟𝜣𝜦𝜩𝜫𝜮𝜱𝜳-𝝃𝝅-𝝏𝝑𝝓󰋺󰮈󰻾󱠨󱣩󷰱󷹘􀺢􀺣􀼘-􀼛􊫘􊭂􊭗􊭘􊮅􊳳-􊴥􊸕-􊸹􊽉􊽖􊾚􋀄􋀙􋀚􋁇􋆵-􋇧􋋗-􋋻􋐋􋐘􋒌􋒍􋢺-􋢽􋯊-􋴭􌋞-􌋡􌋦-􌋩􌖮-􌖱􌝮-􌝱􌝺-􌝽􌠚-􌠝􍡤-􍡻􍢒􍢓􍣞-􍣡􍭒-􍭗􍸑-􍸖􍹃􍹄􍹗-􍹚􎓙􎓚􎔃-􎔆􎔉􎔊􎔏-􎔘􎗍-􎗒]+)":{"decorations":[{"color":"#ffaa22ff"}]},"([=¡¿⁼₌↪↺⇥∀⊢⍈⍘⍮➰⠤⠶⨡⭜⭝⮂⮌⸘󰆴󱀘󱟱󱫬󷰙󷸴󷹆􀸦-􀸱􀺲􀺳􀼸-􀼻􊪧􊪲􊬟􊬯􊭵􊭶􊮀􊮁􊮻􊱚􊱦􊱧􊱳􊲇􊲈􊽆􊽩􊽴􊿡􊿱􋀷􋀸􋁂􋁃􋁽􋄜􋄨􋄩􋄵􋅉􋅊􋐈􋓲􋓳􋣲-􋣵􌏢-􌏥􌏮-􌏵􌐎-􌐑􌚚-􌚝􌛺-􌛽􌝾-􌞁􌟮-􌟹􌟾-􌠁􌠢-􌠥􌠪-􌠭􌠾-􌡁􍋤􍋥􍗜-􍗟􍬢-􍬧􍱜􍱝􍳄-􍳇􍹅􍹆􍹛-􍹞􍺃-􍺊􍺍-􍺐􎒭􎒮􎒵-􎒸􎓗􎓘􎓿-􎔂]+)":{"decorations":[{"color":"#52ffe7ff"}]},"([ŧŲƁƇƊƒƤƦƬƶƿɈɒͶΖΙϙϢїѦѴѵҒҕҲӍႺႽცᗴ⋿ⱮⴲⴼⴽⴿⵖꝈꝖꬵ-ꬷꬼꭐꭒꭘꭚ𝼐𝼚𝼛𝼝𝼞𝼥󰊕􀴖􀴗􀸐-􀸓􀸾􀸿􀹌-􀹏􊪶-􊪸􊪻􊫊-􊫌􊫐􊲋􊲓􊲚􊽸-􊽺􊽽􊾌-􊾎􊾒􋅍􋅕􋅜􋒘􋒙􋗂􋗃􋗨􋗩􋝼􋝽􋣒-􋣕􌊦-􌋁􌋆-􌋕􌨾-􌩁􌪖-􌪙􌷎-􌷑􍬖-􍬡􍮈􍮉􍮌-􍮏􍳒-􍴓􍴚-􍶝􎁍􎁎􎎳-􎎶]+)":{"decorations":[{"color":"#7feb2dff"}]},"([©փᒪᖱᖲ†⌾⎉⎔⬠⭔ⴷⴸ🆕󰂆󷰵󷹇􀺸􀺹􀽄-􀽇􊫍􊫗􊫙􊫚􊯕􊯘􊲑􊲒􊲜􊲝􊲮􊽜􊾏􊾙􊾛􊾜􋂗􋂚􋅓􋅔􋅞􋅟􋅰􋐞􌍖-􌍝􌖚-􌖝􌖺-􌗅􌜊-􌜝􌡂-􌡅􌿠􌿡􍀢􍀣􍂤-􍂧􍅸-􍅻􍍊-􍍍􍚨-􍚯􍶽􍶾􍷩-􍷬􍹁􍹂􍹓-􍹖􍹹􍹺􍹿-􍺂]+)":{"decorations":[{"color":"#ccff77ff"}]},"([ℂℍℕℙℚℝℤ⍇⍐⍗⍞☑☒⟎⟏𝔸𝔹𝔻-𝔾𝕀-𝕄𝕆𝕊-𝕐𝕒-𝕫𝟘-𝟡🄰-🅉󰬈-󰬡􊬽􊭁􊭇􊭉􊭊􊭍􊭎􊵾-􊶪􊹩-􊹲􊿿􋀃􋀉􋀋􋀌􋀏􋀐􋉀-􋉬􋌫-􋌴􋕴􋕵􋖬􋖭􋗄􋗅􋗈􋗉􋗦􋗧􋘢􋘣􋘨􋘩􋙊􋙋􋙢􋙣􋚘􋚙􋚞􋚟􋚢􋚣􋚦􋚧􋚬􋚭􋚸􋚹􋛆􋛇􋛜􋛝􋜄􋜅􋝎􋝏􋝦􋝧􋞎􋞏􋞺-􋞽􋟆􋟇􋟐-􋟓􋥆-􋨽􌦞-􌦡􌨒-􌨕􌩂-􌩅􌩊-􌩍􌪒-􌪕􌬊-􌬍􌬖-􌬙􌭚-􌭝􌮊-􌮍􌯶-􌯹􌰂-􌰅􌰊-􌰍􌰖-􌰙􌰢-􌰥􌰺-􌰽􌱖-􌱙􌲊-􌲍􌳚-􌳝􌵲-􌵵􌶢-􌶥􌷲-􌷵􌹊-􌹑􌹢-􌹥􌹶-􌹽􍊪-􍋣􍋦-􍋫􍕨-􍗛􍗠-􍗫􍢔-􍢗􍣢-􍣩]+)":{"decorations":[{"color":"#f64585ff"}]},"([◌􊱈􋄊􋢲-􋢵]+)":{"decorations":[{"color":"#22ee55ff"}]},"([↑↓↖-↙↜-↥↧↩↭-↯↶↷⇍⇏-⇓⇜⇝⇴⊣-⊥⋒⌈-⌋⌜-⌟⟵⟶⤡⤢⤳⨄⩀⬆⬇⬰⬿⭡⭣⮠-⮧𝙰-𝚣𝟶-𝟿🡸-🡿󰘡󰘣󰡏􀲚-􀴕􀴘-􀸏􊭩􊭫-􊭱􊭳􊭷-􊭼􊭾􊭿􊮼􊮽􊯌-􊯏􊯑-􊯔􊱢􊱣􊱪􊱫􊱽􊱾􊲃􊲅􊺺-􊻁􋀫􋀭-􋀳􋀵􋀹-􋀾􋁀􋁁􋁾􋁿􋂎-􋂑􋂓-􋂖􋄤􋄥􋄬􋄭􋄿􋅀􋅅􋅇􋍼-􋎃􋔠-􋔧􋗠􋗡􋙸􋙹􋝌􋝍􋞴􋞵􌘎-􌘝􌘦-􌘭􌘶-􌚉􌚎-􌚙􌚮-􌚵􌚾-􌛹􌪆-􌪉􌮶-􌮹􌵮-􌵱􌸾-􌹁􍎜-􍏇􍝌-􍞣􍣂-􍣇􍤾-􍥉]+)":{"decorations":[{"color":"#6677ffff"}]},"([①-⒇⒜-⓪🄐-🄩󰲡󰲣󰲥󰲧󰲩󰲫󰲭󰲯󰲱􊯠-􊱀􊹴-􊺍􊽍-􊽕􋂢-􋄂􋌶-􋍏􋐏-􋐗􌂖-􌊥􍉒-􍉽􍒸-􍔏]+)":{"decorations":[{"color":"#f6d645ff"}]},"([𜳖-𜳹􎎷-􎒎]+)":{"decorations":[{"color":"#ff9996ff"}]},"([𝖠-𝗓𝟢-𝟫􊷟􋊡􌋂-􌋅􍽫-􍿤􎇯-􎋢]+)":{"decorations":[{"color":"#59ff4fff"}]},"([𝘈-𝘻􍺛-􍼂􎁏-􎄞]+)":{"decorations":[{"color":"#c0ff79ff"}]},"([ℊℋℐℒℓ℘ℛℬℯ-ℱℳℴ𝒜𝒞𝒟𝒢𝒥𝒦𝒩-𝒬𝒮-𝒹𝒻𝒽-𝓃𝓅-𝓏󷰽-󷱖󷱩-󷱰󷱽󷱾􊬾􊬿􊭃􊭅􊭆􊭈􊭋􊭐􊭒-􊭖􊴦-􊵎􋀀􋀁􋀅􋀇􋀈􋀊􋀍􋀒􋀔-􋀘􋇨-􋈐􋿆-􌂕􌋖-􌋝􍧘-􍪑􍬨􍬩􍬬-􍬯􍰒-􍰝􍶹-􍶼􍷡-􍷨]+)":{"decorations":[{"color":"#67f8f1ff"}]},"([𝓐-𝔃􋐥􋐦􋐱􋕺-􋕽􋖐􋖑􋖜􋖝􋖠􋖡􋖺􋖻􋗊􋗋􋗎􋗏􋗔􋗕􋗘􋗙􋗢􋗣􋗰􋗱􋗺􋗻􋗾􋗿􋘎􋘏􋘤􋘥􋘪􋘫􋘮􋘯􋘺-􋘽􋙘-􋙛􋙦-􋙫􋙲􋙳􋚲􋚳􋚾-􋛁􋛈-􋛋􋛒-􋛕􋛦-􋛩􋛲-􋛵􋛸􋛹􋜀-􋜃􋜆􋜇􋜌􋜍􋜠-􋜣􋝆􋝇􋞂􋞃􋞈􋞉􋞚-􋞝􋞬􋞭􋟄􋟅􋟈􋟉􋟚-􋟝􋟲􋟳􌦪-􌦱􌧚-􌧝􌧲-􌧵􌧺-􌧽􌨮-􌨱􌩎-􌩑􌩖-􌩙􌩪-􌩭􌩲-􌩵􌪊-􌪍􌪦-􌪩􌪺-􌪽􌫂-􌫅􌫢-􌫥􌬎-􌬑􌬚-􌬝􌬢-􌬥􌬺-􌭁􌭶-􌭽􌮒-􌮝􌮪-􌮭􌰮-􌰱􌱆-􌱍􌱚-􌱡􌱲-􌱹􌲞-􌲥􌲶-􌲽􌳂-􌳅􌳒-􌳙􌳞-􌳡􌳪-􌳭􌴒-􌴕􌴚-􌴝􌵢-􌵥􌷚-􌷝􌷦-􌷩􌸊-􌸑􌸮-􌸱􌹞-􌹡􌹦-􌹩􌺊-􌺑􌺺-􌺽]+)":{"decorations":[{"color":"#6d60fcff"}]},"([𝑨-𝒛􍿥-􎁌􎋣-􎎲]+)":{"decorations":[{"color":"#6700e3ff"}]},"([ℌℑℜℨℭ𝔄𝔅𝔇-𝔊𝔍-𝔔𝔖-𝔜𝔞-𝔷𝕬-𝖟􊭀􊭄􊭌􊭏􊭑􊵏-􊵽􊶫-􊷞􋀂􋀆􋀎􋀑􋀓􋈑-􋈿􋉭-􋊠􋸦-􋿅]+)":{"decorations":[{"color":"#ff3333ff"}]},"([𝘼-𝙯􍼃-􍽪􎄟-􎇮]+)":{"decorations":[{"color":"#ffa859ff"}]},"([🅐-🅩􍋬-􍌟􍗬-􍙓]+)":{"decorations":[{"color":"#ffaa22ff"}]},"([Ƨƨתᔲᖵᖶ∃∄∴∵✣⨃⫢⮞󷹈-󷹊󷹚󷹛􊪹􊪺􊫏􊫛􊫜􊮃􊮄􊮗􊮘􊱓􊱱􊱹􊲉􊽝􊽞􊽻􊽼􊾑􊾝􊾞􋁅􋁆􋁙􋁚􋄕􋄳􋄻􋅋􋐟􋐠􌋢-􌋥􌐂-􌐍􌐒-􌐽􍮂-􍮇􍯀􍯁􍯈􍯉􍯘􍯙􍯞-􍯡􍯮-􍯱􍰎-􍰑]+)":{"decorations":[{"color":"#ff55ffff"}]},"([§⎊🝇󰤱󷰶􀺀􀺁􀻔-􀻗􊪨􊯙􊲬􊺸􊽌􊽪􋂛􋅮􋍺􋐎􌍒-􌍕􌖞-􌖥􌜞-􌜡􌠶-􌠹]+)":{"decorations":[{"color":"#22ee55ff"}]},"([∾󷰰󷹁􀰼􀰽􀱂-􀱅􀺠􀺡􀼔-􀼗􊲭􊽘􋅯􋐚􌑆-􌑉􌖲-􌖵􍮔-􍮙]+)":{"decorations":[{"color":"#aadd11ff"}]},"([≔≕△▷▽◁➤⯅-⯈󷰴󷸉-󷸎􀺨􀺩􀼤-􀼧􊮝􊲊􋁟􋅌􋓤-􋓱􌎪-􌏉􌕎-􌕑􌿊􌿋􍆀-􍆃􍪪-􍪯􍸗-􍸺]+)":{"decorations":[{"color":"#ff00aaff"}]},"([*/<>\\\\×ᗌᗏᗒᗕ‖⁑⁞⇕∈∉∋∌∗∛∜∣∤∬-∳≈≜≝≟-≢≤≥≪≫≮-≱⊂-⊋⊻-⊽⋂⋃⋈-⋌⋸⑀┆⟒⟺⥱⦙⦚⨌⨑⨕⨖⨯⩑⩒⩕⩖⩙⩛-⩠⩢⩣⪟⪠⫙🝑󰂁󰂂󰄞󰄟󰤃󷰟󷷼󷹀󷹂󷹃󷹭-󷹰󷹲󷹳󷺄􀱌-􀱗􀺰􀺱􀼴-􀼷􊪳􊬉􊭽􊮇-􊮊􊮍􊮐􊮑􊮜􊮞-􊮩􊮬-􊮵􊮿􊯀􊯃􊯄􊯊􊱛􊱥􊱴􊱸􊲡􊲢􊻻􊻼􊽁􊽂􊽗􊽙􊽚􊽟-􊽢􊽵􊿋􋀿􋁉-􋁌􋁏􋁒􋁓􋁞􋁠-􋁫􋁮-􋁷􋂁􋂂􋂅􋂆􋂌􋄝􋄧􋄶􋄺􋅣􋅤􋎽􋎾􋐃􋐄􋐙􋐛􋐜􋐡-􋐤􋑩-􋑬􋓺-􋔕􋕬􋕭􋖊-􋖍􋗲􋗳􋘌􋘍􋘚􋘛􋘾􋘿􋙮􋙯􋛎􋛏􋛚􋛛􋛠􋛡􋛰􋛱􋛼􋛽􋜲􋜳􋝤􋝥􋝲􋝳􋟀􋟁􌑊-􌑍􌑖-􌑡􌑮-􌒉􌒎-􌒱􌓂-􌓙􌓢-􌔁􌔊-􌔵􌔾-􌕍􌕒-􌕡􌕲-􌖙􌥖-􌥝􌦎-􌦑􌧎-􌧕􌪪-􌪭􌫞-􌫡􌫺-􌫽􌭂-􌭅􌮢-􌮥􌱪-􌱭􌲆-􌲉􌲒-􌲕􌲲-􌲵􌳊-􌳍􌴺-􌴽􌶞-􌶡􌶺-􌶽􌹖-􌹙􌿎􌿏􌿖􌿗􍀰􍀱􍆜-􍆟􍇈-􍇏􍍐-􍍛􍚴-􍛋􍢾-􍣁􍤶-􍤽􍪰-􍪳􍪶􍪷􍪺-􍫅􍫊-􍫍􍫒-􍫙􍯆􍯇􍯪-􍯭􍶪-􍶯􎓋􎓌􎓧-􎓪􎗙-􎗜􎗣-􎗪]+)":{"decorations":[{"color":"#bb5566ff"}]},"([∖⊞⨉󷰬􀺄􀺅􀻜-􀻟􊮌􊮺􊱲􋁎􋁼􋄴􌎖-􌎙􌑢-􌑥􌟞-􌟡]+)":{"decorations":[{"color":"#cc66ccff"}]},"([∧⩓⩚󷰞󷺒󷺬􀹊􀹋􀹤-􀹧􀺶􀺷􀽀-􀽃􊮒􋁔􋓸􋓹􋔖􋔗􌑦-􌑭􌒺-􌒽􍭆-􍭋]+)":{"decorations":[{"color":"#cc6666ff"}]},"([ፓᣆ∘∫⊚-⊜⍜⍟○🟕🟖󰔶󰬩󰬫󱖘󱖚󷰡󷷳󷷴󷷹􀰺􀰻􀰾-􀱁􀱘-􀱩􀱼-􀲓􀺤􀺥􀼜-􀼟􊮎􊮖􊱇􋁐􋁘􋄉􋔲􋔳􌍺-􌍽􌎎-􌎑􌑂-􌑅􌝲-􌝵􍏾􍏿􍠐-􍠓􍮜-􍮥􍮪-􍮽􍶿􍷀􍷭-􍷰􍹉􍹊􍹣-􍹦􎒏-􎒠]+)":{"decorations":[{"color":"#bb99ddff"}]},"([←→➡⥉⬅⭠⭢󷰚􀹶􀹷􀻀-􀻃􊭨􊭪􊱙􊱬􊱼􊲂􊲄􋀪􋀬􋄛􋄮􋄾􋅄􋅆􌘞-􌘥􌘮-􌘵􌚶-􌚽􌞚-􌞝]+)":{"decorations":[{"color":"#ee66bbff"}]},"([ᐒᐖᐘᐛᐳᐵᐸᑀᑅᑈ↦⥌𝚲󰅁󰅂󷺹-󷻀􊭲􊱭􊸔􊽄􊽅􋀴􋄯􋋖􋐆􋐇􌚊-􌚍􌟎-􌟕􌠦-􌠩􌡆-􌡉􍁎􍁏􍂰-􍂳􍫚-􍬏􍮾􍮿􍯂􍯃􍯊-􍯓􍯖􍯗􍯚-􍯝􍯢-􍯥􍯲-􍰅􍰊-􍰍]+)":{"decorations":[{"color":"#f6d645ff"}]},"([ 􊬇􊿉􌗦-􌗩]+)":{"decorations":[{"color":"#ffcc0022","backgroundColor":"#ffff6633","borderStyle":"solid","borderWidth":"1px","borderRadius":"1px"}]},"([ 􊬔􊿖􌗪-􌗭]+)":{"decorations":[{"color":"#00ffcc22","backgroundColor":"#5555ddee","borderStyle":"solid","borderWidth":"1px","borderRadius":"1px"}]},"([⌠⌡⎛-⎪-⎮⎲⎳┌┐└┘├┤┬┴┼]+)":{"decorations":[{"color":"#eecceeff"}]},"([⨳󷰜􀺦􀺧􀼠-􀼣􊱵􋄷􌎢-􌎥]+)":{"decorations":[{"color":"#ee33bbff"}]},"([∨⩔󷰝󷸏󷸐󷺤-󷺦󷺫􀹂-􀹇􀹔-􀹟􀹨-􀹳􀺮􀺯􀼰-􀼳􊮓􋁕􋔘􋔙􌒊-􌒍􌒾-􌓁􍭀-􍭅]+)":{"decorations":[{"color":"#ff7777ff"}]},"([ſϜᖘᗢᙎᙡᙧᴍ⨀⨁ꟿ󰈲󰈳󰒼󰒽󱖔󷰠􀺘􀺙􀼄-􀼇􊫟􊱮􊱯􊲛􊽇􊽈􊽊􊽋􊾡􋄰􋄱􋅝􋐉􋐊􋐌􋐍􋔨-􋔫􋔸-􋕁􌍾-􌎁􌎊-􌎍􌜂-􌜉􌞒-􌞕􌞞-􌞽􌠂-􌠅􌠎-􌠑􍰤-􍰩􍺕-􍺚􎔛􎔜􎔥-􎔨]+)":{"decorations":[{"color":"#66ccffff"}]},"([ᐴᐹᓕᕋ󱑼󷰢󷹅󷹴󷹵􀸲-􀸽􀺺􀺻􀽈-􀽋􊫕􊾗􌞂-􌞅􍬐-􍬕􍬪􍬫􍬰-􍬳􍰞-􍰣􎔟􎔠􎔭-􎔰􎗓-􎗘]+)":{"decorations":[{"color":"#cc0088ff"}]},"([|󷰣􀺈􀺉􀻤-􀻧􋕠􋕡􌥴-􌥷]+)":{"decorations":[{"color":"#00ff55ff"}]},"([\\^󷰤􀺊􀺋􀻨-􀻫􋕢􋕣􌥸-􌥻]+)":{"decorations":[{"color":"#11ee66ff"}]},"([&﹠󷰥􀹺􀹻􀻈-􀻋􊲱􊽦􋅳􌥬􌥭]+)":{"decorations":[{"color":"#22dd77ff"}]},"([⪡⪢󷰦􀺴􀺵􀼼-􀼿􍬴-􍬿]+)":{"decorations":[{"color":"#33cc88ff"}]},"([+\\-±⁺⁻₊₋∓󷰧󷷶󷷻􀹾􀹿􀻐-􀻓􊪫􊬝􊬞􊬭􊬮􊮋􊽭􊿟􊿠􊿯􊿰􋁍􌓚-􌓡􍹇􍹈􍹍􍹎􍹟-􍹢􍹫-􍹮]+)":{"decorations":[{"color":"#44bb99ff"}]},"([⋄►◄󷰨􀹼􀹽􀻌-􀻏􊱅􊱆􋄇􋄈􌜮-􌜵􌾔􌾕􌾜-􌾟]+)":{"decorations":[{"color":"#8855ffff"}]},"([∪󷰪󷹩􀺂􀺃􀻘-􀻛􊮕􋁗􌕪-􌕭􎗷-􎗼]+)":{"decorations":[{"color":"#eeaaeeff"}]},"([∩󷰫􀺆􀺇􀻠-􀻣􊮔􋁖􌕮-􌕱]+)":{"decorations":[{"color":"#dd88ddff"}]},"([…⌃󷰯󷷺􀺪􀺫􀼨-􀼫􊬋􊯋􊿍􋂍􌏚-􌏝􌟚-􌟝􍹑􍹒􍹳-􍹶]+)":{"decorations":[{"color":"#ccee33ff"}]},"([!ꜝ󷰷􀺞􀺟􀼐-􀼓􊪡􊲘􋅚􌥞􌥟]+)":{"decorations":[{"color":"#bbdd22ff"}]},"([✗ⴴ􊱑􊲏􋄓􋅑􌖶-􌖹􌝊-􌝍]+)":{"decorations":[{"color":"#ff0000ff"}]},"([‹›􊬏􊬐􊿑􊿒􌜾-􌝅]+)":{"decorations":[{"color":"#ff55aaff","backgroundColor":"#00ffdd44","borderStyle":"solid","borderWidth":"1px","borderRadius":"1px"}]},"([􊲫􋅭􌖦-􌖩]+)":{"decorations":[{"color":"#24f115ff","backgroundColor":"#44ff0022"}]},"([¼-¾⅐-⅞↉󷶲-󷶷󷶹-󷶻󷷂󷷆-󷷉􊪯-􊪱􊭙-􊭧􊽱-􊽳􋀛-􋀩􋓠􋓡􌋪-􌌵􎔷􎔸􎔻-􎕂􎕅-􎕈􎕋-􎕎􎕛􎕜􎕟-􎕢􎕥-􎕬􎕱-􎖀􎖅-􎖌􎖑-􎖘􎖱-􎖴􎖹-􎗀􎗅-􎗌]+)":{"decorations":[{"color":"#57a5a6ff"}]},"(\\$[^\\n󷹹]*󷹹)":{"decorations":[{"textDecoration":"underline 1px"}]},"(␛)(.)":{"decorations":[{},{"color":"#ffffffff","backgroundColor":"#00ffaa77"}]},"(󰦥{5})":{"decorations":[{"color":"#7feb2dff"}]}}